Date;Time;CO(GT);PT08.S1(CO);NMHC(GT);C6H6(GT);PT08.S2(NMHC);NOx(GT);PT08.S3(NOx);NO2(GT);PT08.S4(NO2);PT08.S5(O3);T;RH;AH
10/03/2004;18.00.00;2,6;1360;150;11,9;1046;166;1056;113;1692;1268;13,6;48,9;0,7578
10/03/2004;19.00.00;2,0;1292;112;9,4;955;103;1174;92;1559;972;13,3;47,7;0,7255
10/03/2004;20.00.00;2,2;1402;88;9,0;939;131;1140;114;1555;1074;11,9;54,0;0,7502
10/03/2004;21.00.00;2,2;1376;80;9,2;948;172;1092;122;1584;1203;11,0;60,0;0,7867
10/03/2004;22.00.00;1,6;1272;51;6,5;836;131;1205;116;1490;1110;11,2;59,6;0,7888
10/03/2004;23.00.00;1,2;1197;38;4,7;750;89;1337;96;1393;949;11,2;59,2;0,7848
11/03/2004;00.00.00;1,2;1185;31;3,6;690;62;1462;77;1333;733;11,3;56,8;0,7603
11/03/2004;01.00.00;1,0;1136;31;3,3;672;62;1453;76;1333;730;10,7;60,0;0,7702
11/03/2004;02.00.00;0,9;1094;24;2,3;609;45;1579;60;1276;620;10,7;59,7;0,7648
11/03/2004;05.00.00;0,7;1066;8;1,1;512;16;1918;28;1182;422;11,0;56,2;0,7366
11/03/2004;06.00.00;0,7;1052;16;1,6;553;34;1738;48;1221;472;10,5;58,1;0,7353
11/03/2004;07.00.00;1,1;1144;29;3,2;667;98;1490;82;1339;730;10,2;59,6;0,7417
11/03/2004;08.00.00;2,0;1333;64;8,0;900;174;1136;112;1517;1102;10,8;57,4;0,7408
11/03/2004;09.00.00;2,2;1351;87;9,5;960;129;1079;101;1583;1028;10,5;60,6;0,7691
11/03/2004;10.00.00;1,7;1233;77;6,3;827;112;1218;98;1446;860;10,8;58,4;0,7552
11/03/2004;11.00.00;1,5;1179;43;5,0;762;95;1328;92;1362;671;10,5;57,9;0,7352
11/03/2004;12.00.00;1,6;1236;61;5,2;774;104;1301;95;1401;664;9,5;66,8;0,7951
11/03/2004;13.00.00;1,9;1286;63;7,3;869;146;1162;112;1537;799;8,3;76,4;0,8393
11/03/2004;14.00.00;2,9;1371;164;11,5;1034;207;983;128;1730;1037;8,0;81,1;0,8736
11/03/2004;15.00.00;2,2;1310;79;8,8;933;184;1082;126;1647;946;8,3;79,8;0,8778
11/03/2004;16.00.00;2,2;1292;95;8,3;912;193;1103;131;1591;957;9,7;71,2;0,8569
11/03/2004;17.00.00;2,9;1383;150;11,2;1020;243;1008;135;1719;1104;9,8;67,6;0,8185
11/03/2004;18.00.00;4,8;1581;307;20,8;1319;281;799;151;2083;1409;10,3;64,2;0,8065
11/03/2004;19.00.00;6,9;1776;461;27,4;1488;383;702;172;2333;1704;9,7;69,3;0,8319
11/03/2004;20.00.00;6,1;1640;401;24,0;1404;351;743;165;2191;1654;9,6;67,8;0,8133
11/03/2004;21.00.00;3,9;1313;197;12,8;1076;240;957;136;1707;1285;9,1;64,0;0,7419
11/03/2004;22.00.00;1,5;965;61;4,7;749;94;1325;85;1333;821;8,2;63,4;0,6905
11/03/2004;23.00.00;1,0;913;26;2,6;629;47;1565;53;1252;552;8,2;60,8;0,6657
12/03/2004;00.00.00;1,7;1080;55;5,9;805;122;1254;97;1375;816;8,3;58,5;0,6438
12/03/2004;01.00.00;1,9;1044;53;6,4;829;133;1247;110;1378;832;7,7;59,7;0,6308
12/03/2004;02.00.00;1,4;988;40;4,1;718;82;1396;91;1304;692;7,1;61,8;0,6276
12/03/2004;05.00.00;0,6;847;7;1,0;501;30;1895;44;1155;394;6,3;65,0;0,6233
12/03/2004;06.00.00;0,8;927;17;1,8;571;56;1685;71;1223;487;6,8;62,9;0,6234
12/03/2004;07.00.00;1,4;1091;33;4,4;730;109;1387;104;1361;748;6,4;65,1;0,6316
12/03/2004;08.00.00;4,4;1587;202;17,9;1236;307;897;141;1900;1400;7,3;63,1;0,6499
12/03/2004;10.00.00;3,1;1350;208;14,0;1118;187;912;122;1712;1237;13,2;41,7;0,632
12/03/2004;11.00.00;2,7;1263;166;11,6;1037;216;969;143;1598;1167;14,3;38,4;0,6243
12/03/2004;12.00.00;2,1;1206;114;10,2;986;143;1035;113;1537;959;15,0;36,5;0,6195
12/03/2004;13.00.00;2,5;1252;140;11,0;1016;160;1008;116;1593;983;16,1;34,5;0,6262
12/03/2004;14.00.00;2,7;1287;169;12,8;1078;163;949;123;1660;1061;16,3;35,7;0,656
12/03/2004;15.00.00;2,9;1353;185;14,2;1122;190;922;126;1740;1139;15,8;37,0;0,661
12/03/2004;16.00.00;2,8;1309;165;12,7;1073;178;954;120;1657;1112;15,9;37,2;0,6657
12/03/2004;17.00.00;2,4;1274;133;11,7;1041;150;1006;119;1610;994;16,9;34,3;0,6549
12/03/2004;18.00.00;3,9;1510;233;19,3;1277;206;812;149;1910;1410;15,1;39,6;0,6766
12/03/2004;19.00.00;3,7;1525;242;18,2;1246;202;821;145;1847;1448;14,4;43,4;0,7084
12/03/2004;20.00.00;6,6;1843;488;32,6;1610;340;624;170;2390;1887;12,9;50,5;0,7478
12/03/2004;21.00.00;4,4;1598;333;20,1;1299;274;752;149;1941;1627;12,1;53,3;0,7536
12/03/2004;22.00.00;3,5;1484;215;14,3;1127;253;839;139;1723;1491;11,0;59,1;0,774
12/03/2004;23.00.00;5,4;1677;367;21,8;1346;300;741;134;2062;1657;9,7;64,6;0,7771
13/03/2004;00.00.00;2,7;1280;122;9,6;964;193;963;113;1544;1285;9,5;64,1;0,7597
13/03/2004;01.00.00;1,9;1196;67;7,4;873;139;1071;97;1463;1144;9,1;63,9;0,7423
13/03/2004;02.00.00;1,6;1184;43;5,4;782;83;1176;82;1365;1043;8,8;63,9;0,7256
13/03/2004;05.00.00;1,0;978;30;2,6;625;62;1420;65;1274;819;8,3;63,6;0,6982
13/03/2004;06.00.00;1,2;1100;27;2,9;646;53;1406;60;1268;835;7,2;67,5;0,6887
13/03/2004;07.00.00;1,5;1112;47;5,1;770;139;1228;77;1409;940;6,3;71,9;0,6932
13/03/2004;08.00.00;2,7;1336;132;11,8;1043;256;935;96;1678;1192;6,5;71,6;0,6945
13/03/2004;09.00.00;3,7;1408;239;15,1;1153;295;830;119;1777;1411;9,6;59,7;0,7124
13/03/2004;10.00.00;3,2;1447;160;12,9;1081;250;869;126;1667;1465;12,4;51,2;0,7335
13/03/2004;11.00.00;4,1;1542;283;16,1;1184;296;808;158;1780;1583;15,6;42,2;0,7451
13/03/2004;12.00.00;3,6;1451;210;14,0;1117;239;875;161;1679;1387;18,4;33,8;0,709
13/03/2004;13.00.00;2,8;1328;154;12,3;1059;153;987;124;1600;1101;19,4;31,3;0,695
13/03/2004;14.00.00;2,0;1207;112;8,6;924;118;1088;102;1488;850;18,0;34,8;0,7127
13/03/2004;15.00.00;2,0;1240;108;9,2;947;119;1049;116;1532;947;18,4;33,6;0,7042
13/03/2004;16.00.00;2,5;1306;111;10,2;987;138;1004;124;1554;1078;17,6;35,1;0,7012
13/03/2004;17.00.00;2,3;1326;97;10,6;1000;148;976;125;1602;1084;16,7;37,8;0,7117
13/03/2004;18.00.00;3,2;1473;191;15,5;1163;227;831;148;1779;1395;16,1;41,0;0,7451
13/03/2004;19.00.00;4,2;1609;258;19,6;1286;277;758;165;1922;1612;15,8;42,4;0,7569
13/03/2004;20.00.00;4,2;1611;284;19,2;1274;279;754;161;1915;1697;15,7;44,1;0,7786
13/03/2004;21.00.00;4,2;1621;269;18,3;1247;283;762;159;1860;1886;15,3;46,8;0,8091
13/03/2004;22.00.00;3,1;1444;180;13,1;1089;214;844;143;1748;1624;14,6;48,6;0,806
13/03/2004;23.00.00;2,6;1418;116;10,9;1010;172;892;130;1603;1536;14,7;49,3;0,8193
14/03/2004;00.00.00;2,9;1534;93;11,0;1013;190;889;129;1611;1535;13,9;53,6;0,8498
14/03/2004;01.00.00;2,8;1484;131;11,9;1045;174;880;119;1624;1530;14,6;51,5;0,8536
14/03/2004;02.00.00;2,5;1367;92;8,6;925;128;953;104;1543;1337;12,5;58,9;0,8537
14/03/2004;05.00.00;1,2;1062;32;3,7;691;53;1272;70;1377;929;11,5;63,1;0,8533
14/03/2004;06.00.00;1,0;1076;29;2,5;618;44;1395;63;1333;872;11,6;62,2;0,8473
14/03/2004;07.00.00;0,9;1028;27;2,4;615;74;1384;67;1340;853;10,4;67,6;0,853
14/03/2004;08.00.00;1,4;1155;36;4,2;722;101;1225;84;1414;959;11,6;62,7;0,853
14/03/2004;09.00.00;1,6;1235;57;6,4;828;118;1055;83;1527;1093;12,4;60,0;0,8627
14/03/2004;10.00.00;2,2;1332;129;8,6;923;144;952;98;1614;1225;14,5;53,1;0,8728
14/03/2004;11.00.00;2,8;1445;148;10,9;1009;176;878;114;1696;1355;16,9;46,1;0,8789
14/03/2004;12.00.00;2,8;1416;145;10,7;1002;161;907;119;1677;1262;19,3;38,3;0,8474
14/03/2004;13.00.00;2,0;1281;93;7,5;880;113;1084;104;1525;980;21,2;31,4;0,7812
14/03/2004;14.00.00;1,8;1207;84;7,5;879;103;1104;102;1490;872;21,4;30,2;0,7616
14/03/2004;15.00.00;1,9;1258;99;8,2;906;112;1081;107;1511;900;21,9;29,0;0,7525
14/03/2004;16.00.00;3,0;1458;150;11,9;1045;170;974;129;1646;1099;22,2;28,4;0,7516
14/03/2004;17.00.00;2,9;1438;156;12,0;1051;180;943;128;1668;1206;21,3;30,8;0,7696
14/03/2004;18.00.00;2,5;1478;122;12,2;1055;160;929;121;1671;1262;19,7;36,7;0,8307
14/03/2004;19.00.00;4,6;1808;262;20,6;1312;261;753;157;1993;1698;18,4;41,7;0,8732
14/03/2004;20.00.00;5,9;1898;341;23,1;1381;325;681;173;2103;1905;17,6;46,1;0,921
14/03/2004;21.00.00;3,4;1560;214;14,7;1140;217;784;146;1818;1648;16,7;49,6;0,932
14/03/2004;22.00.00;2,1;1324;100;9,0;940;146;924;121;1587;1423;16,3;51,0;0,9341
14/03/2004;23.00.00;2,2;1349;79;8,8;933;152;933;119;1617;1349;14,7;55,9;0,9314
15/03/2004;00.00.00;1,8;1239;66;7,4;872;104;985;99;1547;1250;14,8;54,7;0,9164
15/03/2004;01.00.00;1,8;1239;73;6,9;853;106;1010;93;1543;1174;14,0;57,0;0,9094
15/03/2004;02.00.00;1,8;1224;66;7,0;855;108;998;88;1566;1149;13,4;61,3;0,9361
15/03/2004;05.00.00;1,0;1075;39;3,9;703;88;1156;74;1464;1010;11,9;67,4;0,9375
15/03/2004;06.00.00;1,4;1157;51;6,4;830;138;1030;80;1584;1083;11,4;70,5;0,9475
15/03/2004;07.00.00;2,2;1314;107;9,7;966;228;897;89;1710;1235;11,3;70,2;0,9401
15/03/2004;08.00.00;5,5;1797;336;25,9;1451;360;652;114;2323;1680;12,4;63,9;0,917
15/03/2004;09.00.00;8,1;1961;618;36,7;1701;478;537;149;2665;2184;14,8;54,3;0,9076
15/03/2004;10.00.00;5,8;1771;438;26,6;1470;394;622;157;2262;1973;17,4;45,6;0,8993
15/03/2004;11.00.00;4,2;1564;334;20,1;1300;319;710;155;2029;1798;19,8;38,5;0,8801
15/03/2004;12.00.00;3,1;1430;221;14,1;1120;201;831;134;1783;1522;22,0;34,1;0,8904
15/03/2004;13.00.00;2,9;1417;207;14,9;1146;171;830;119;1831;1404;23,3;32,2;0,9096
15/03/2004;14.00.00;2,9;1400;191;15,4;1162;159;838;111;1829;1263;23,9;30,0;0,8757
15/03/2004;15.00.00;2,5;1317;185;12,1;1053;153;926;104;1707;1137;24,4;28,9;0,8736
15/03/2004;16.00.00;2,3;1318;141;11,5;1033;143;950;99;1675;1068;24,4;29,4;0,8848
15/03/2004;17.00.00;2,8;1445;214;14,8;1141;156;857;110;1824;1252;23,8;31,3;0,9137
15/03/2004;18.00.00;6,1;1917;471;32,1;1601;314;631;162;2447;1843;22,5;35,4;0,9547
15/03/2004;19.00.00;8,0;2040;685;39,2;1754;404;542;187;2679;2122;20,4;42,5;1,0086
15/03/2004;20.00.00;6,5;1895;538;31,0;1573;320;565;165;2443;1992;18,3;52,6;1,0945
15/03/2004;21.00.00;4,2;1595;319;19,9;1294;256;678;145;2058;1707;16,7;57,4;1,0786
15/03/2004;22.00.00;3,2;1439;224;15,3;1159;193;764;125;1856;1494;15,7;60,2;1,0654
15/03/2004;23.00.00;1,4;1142;67;6,9;852;89;1008;101;1547;1164;15,3;61,4;1,058
16/03/2004;00.00.00;2,1;1304;155;11,1;1019;127;852;103;1731;1272;14,1;65,7;1,0494
16/03/2004;01.00.00;1,2;1074;49;5,4;784;79;1098;88;1483;1040;14,8;60,6;1,0148
16/03/2004;02.00.00;0,8;968;29;2,8;640;43;1320;61;1386;867;14,8;59,2;0,9879
16/03/2004;05.00.00;0,6;937;17;2,0;585;38;1412;52;1348;793;12,8;63,2;0,9283
16/03/2004;06.00.00;0,9;1017;27;3,5;681;82;1246;64;1418;870;11,2;68,5;0,9081
16/03/2004;07.00.00;1,3;1171;50;5,1;770;99;1162;70;1467;930;11,0;66,5;0,8705
16/03/2004;08.00.00;3,4;1541;218;16,2;1185;263;770;97;1889;1407;11,7;63,7;0,8719
16/03/2004;09.00.00;3,7;1539;285;19,7;1287;229;698;95;2055;1507;13,6;56,3;0,8743
16/03/2004;10.00.00;5,3;1735;437;25,1;1431;396;628;150;2211;1843;17,8;42,9;0,8672
16/03/2004;11.00.00;4,1;1571;327;20,0;1297;314;730;162;1973;1729;21,4;33,3;0,8417
16/03/2004;12.00.00;3,3;1452;283;18,3;1250;217;776;154;1868;1583;24,4;27,4;0,8231
16/03/2004;13.00.00;4,0;1579;366;22,3;1359;252;724;161;1998;1671;25,3;26,1;0,8264
16/03/2004;14.00.00;3,8;1466;318;20,4;1309;263;773;161;1897;1491;25,8;23,2;0,7589
16/03/2004;15.00.00;2,8;1280;228;14,6;1136;180;893;128;1675;1240;27,0;20,2;0,7094
16/03/2004;16.00.00;2,9;1407;201;16,6;1197;184;905;129;1759;1313;28,2;18,6;0,7014
16/03/2004;17.00.00;2,9;1389;199;15,8;1173;190;898;133;1739;1363;28,0;19,1;0,7098
16/03/2004;18.00.00;3,4;1447;237;17,8;1235;184;859;139;1778;1296;23,9;25,7;0,7519
16/03/2004;19.00.00;3,9;1551;261;19,1;1271;181;800;137;1875;1432;21,3;34,8;0,873
16/03/2004;20.00.00;3,2;1474;230;15,8;1173;166;854;143;1776;1432;20,4;36,7;0,8704
16/03/2004;21.00.00;5,1;1800;349;24,9;1426;317;700;177;2106;2034;19,0;41,3;0,9007
16/03/2004;22.00.00;2,6;1379;183;13,5;1101;184;818;138;1710;1602;17,9;45,9;0,9342
16/03/2004;23.00.00;1,7;1201;88;9,1;943;130;935;117;1560;1362;16,7;48,9;0,9226
17/03/2004;00.00.00;1,7;1205;85;8,6;925;132;922;107;1547;1314;15,5;52,9;0,9271
17/03/2004;01.00.00;1,2;1072;47;5,4;784;95;1066;90;1442;1114;15,5;51,9;0,9059
17/03/2004;02.00.00;0,9;998;34;4,1;714;70;1169;79;1383;992;14,1;55,6;0,891
17/03/2004;05.00.00;0,5;869;11;1,6;554;28;1460;40;1268;667;11,8;58,0;0,8026
17/03/2004;06.00.00;0,5;891;18;1,9;576;46;1417;53;1289;733;11,9;57,4;0,7978
17/03/2004;07.00.00;1,6;1173;84;7,5;878;160;1038;84;1556;1052;9,9;65,2;0,7956
17/03/2004;08.00.00;4,1;1587;260;21,4;1334;320;702;108;1999;1534;11,1;60,2;0,7958
17/03/2004;09.00.00;6,6;1852;534;36,4;1696;377;553;127;2535;1931;14,1;50,0;0,802
17/03/2004;10.00.00;4,3;1522;368;21,3;1331;280;703;134;2026;1734;17,7;40,1;0,8048
17/03/2004;11.00.00;2,9;1438;200;15,4;1161;221;819;135;1782;1595;21,1;33,4;0,8265
17/03/2004;12.00.00;2,5;1393;145;12,5;1067;210;905;142;1654;1490;24,3;28,3;0,8471
17/03/2004;13.00.00;2,8;1452;188;15,1;1152;204;861;153;1747;1508;25,6;25,6;0,8254
17/03/2004;14.00.00;2,6;1389;152;13,7;1108;161;887;123;1712;1334;25,9;25,9;0,8503
17/03/2004;15.00.00;2,0;1207;103;10,4;994;135;1013;104;1520;1045;26,8;18,7;0,65
17/03/2004;16.00.00;2,9;1365;193;15,2;1154;186;940;129;1679;1221;29,3;15,8;0,6309
17/03/2004;17.00.00;2,5;1247;134;12,3;1060;147;1032;114;1525;1069;28,5;14,9;0,5708
17/03/2004;18.00.00;5,0;1557;386;27,0;1478;299;793;158;1981;1569;25,9;16,0;0,5237
17/03/2004;19.00.00;7,6;1973;577;38,4;1737;411;617;194;2414;2306;23,1;26,5;0,7403
17/03/2004;20.00.00;6,7;1975;523;35,1;1667;347;597;182;2416;2359;20,5;38,2;0,9133
17/03/2004;21.00.00;5,7;1795;472;27,2;1485;336;653;180;2174;2050;19,1;42,6;0,9294
17/03/2004;22.00.00;2,8;1444;206;15,0;1150;202;770;136;1727;1727;17,2;44,1;0,8558
17/03/2004;23.00.00;2,6;1488;216;15,7;1171;178;731;127;1778;1705;16,0;50,9;0,9206
18/03/2004;00.00.00;2,3;1371;159;13,0;1083;154;796;116;1669;1551;14,8;53,9;0,9024
18/03/2004;01.00.00;1,4;1161;70;8,1;904;92;947;107;1502;1240;14,3;55,4;0,8975
18/03/2004;02.00.00;1,0;1064;44;5,5;787;61;1057;88;1407;1115;14,8;52,1;0,8686
18/03/2004;05.00.00;0,6;931;20;2,5;623;37;1293;57;1307;828;12,0;58,9;0,8233
18/03/2004;06.00.00;0,7;938;26;3,0;650;68;1251;71;1333;893;10,9;62,1;0,8113
18/03/2004;07.00.00;1,5;1166;78;7,7;885;139;1005;85;1551;1075;10,6;63,3;0,8067
18/03/2004;08.00.00;4,7;1643;319;23,3;1384;339;667;124;2094;1610;11,5;60,0;0,8117
18/03/2004;09.00.00;6,6;1934;506;35,8;1682;421;541;151;2468;2051;14,3;50,6;0,8186
22/03/2004;16.00.00;2,3;1076;451;11,6;1034;150;964;101;1544;813;21,3;24,2;0,606
22/03/2004;17.00.00;2,6;1152;185;12,4;1062;138;928;103;1606;850;20,2;28,5;0,6682
22/03/2004;18.00.00;3,8;1407;426;18,3;1249;213;720;129;1932;1276;17,0;43,1;0,8264
22/03/2004;19.00.00;4,4;1438;672;21,0;1325;232;678;143;1993;1401;15,6;47,4;0,8347
22/03/2004;20.00.00;4,5;1425;624;21,0;1325;238;678;146;1965;1356;15,3;47,4;0,8178
22/03/2004;21.00.00;3,3;1279;325;14,5;1131;180;775;124;1758;1243;14,5;49,7;0,8177
22/03/2004;22.00.00;2,0;1132;143;8,4;916;128;920;113;1561;1083;13,9;52,0;0,8231
22/03/2004;23.00.00;1,1;1006;89;4,3;729;65;1142;80;1370;795;14,5;49,4;0,8106
23/03/2004;00.00.00;0,9;982;73;3,8;700;53;1204;72;1359;735;13,8;51,4;0,8071
23/03/2004;01.00.00;0,8;969;48;2,7;636;47;1271;64;1309;684;14,0;51,3;0,8163
23/03/2004;02.00.00;0,7;941;47;2,5;621;51;1298;70;1330;714;13,0;56,8;0,8444
23/03/2004;05.00.00;0,3;834;19;0,6;459;13;1908;22;1212;361;8,8;80,5;0,9147
23/03/2004;06.00.00;0,5;909;26;1,8;567;33;1542;47;1287;418;9,6;75,4;0,9004
23/03/2004;07.00.00;1,1;1061;60;4,6;745;103;1178;88;1429;616;9,8;75,0;0,9093
23/03/2004;08.00.00;3,0;1441;248;14,2;1124;224;851;130;1829;1089;10,0;74,2;0,9117
23/03/2004;09.00.00;3,8;1498;535;21,0;1325;244;684;132;2095;1329;11,2;69,7;0,9232
23/03/2004;10.00.00;3,4;1343;340;16,2;1185;237;760;132;1857;1311;12,0;62,9;0,8803
23/03/2004;11.00.00;3,0;1308;325;15,5;1166;220;792;131;1794;1236;12,8;55,8;0,821
23/03/2004;12.00.00;2,7;1209;267;13,4;1097;207;837;129;1746;1147;13,1;54,8;0,8234
23/03/2004;13.00.00;3,5;1310;325;16,9;1207;208;770;132;1847;1301;13,8;53,4;0,8351
23/03/2004;14.00.00;2,8;1171;268;12,4;1064;160;881;110;1639;1097;16,0;42,4;0,7674
23/03/2004;15.00.00;1,9;1112;136;10,1;980;131;924;99;1589;900;14,1;49,8;0,7971
23/03/2004;16.00.00;2,0;1132;118;8,7;927;128;944;100;1570;781;12,0;61,1;0,8537
23/03/2004;17.00.00;3,0;1225;276;13,8;1111;176;818;122;1719;1013;13,6;54,6;0,8465
23/03/2004;18.00.00;1,9;1065;151;9,3;953;107;962;97;1514;790;13,7;49,5;0,7695
23/03/2004;19.00.00;2,7;1236;236;13,0;1084;131;854;112;1688;1059;11,7;57,1;0,7822
23/03/2004;20.00.00;3,3;1309;220;14,3;1126;166;812;128;1722;1205;11,5;58,2;0,7867
23/03/2004;21.00.00;1,7;1089;87;7,6;884;89;1006;101;1487;975;12,6;54,2;0,7881
23/03/2004;22.00.00;1,3;1000;81;5,3;776;81;1141;96;1375;896;12,0;54,9;0,7664
23/03/2004;23.00.00;1,3;1041;74;5,4;782;78;1105;86;1425;911;11,0;61,4;0,8057
24/03/2004;00.00.00;1,2;1045;55;4,9;756;70;1137;85;1411;902;11,1;62,2;0,8199
24/03/2004;01.00.00;1,1;997;74;4,6;744;76;1151;79;1405;832;10,8;62,5;0,8082
24/03/2004;02.00.00;0,9;948;35;2,7;634;43;1320;61;1326;715;11,3;60,0;0,8025
24/03/2004;05.00.00;0,6;892;20;1,2;522;34;1572;54;1255;648;10,9;58,6;0,7628
24/03/2004;06.00.00;0,8;954;32;1,7;561;43;1496;57;1255;612;10,8;57,2;0,7382
24/03/2004;07.00.00;1,2;1045;84;4,8;751;79;1186;75;1403;800;10,4;59,2;0,7455
24/03/2004;08.00.00;3,1;1383;245;13,8;1109;174;832;97;1706;1173;11,0;57,3;0,7501
24/03/2004;09.00.00;4,4;1597;553;23,7;1395;235;652;110;2080;1519;11,2;56,9;0,7565
24/03/2004;10.00.00;3,4;1318;450;14,2;1124;218;762;113;1770;1287;12,1;54,9;0,7734
24/03/2004;11.00.00;1,7;1138;118;8,0;898;136;950;88;1505;966;15,1;44,3;0,7535
24/03/2004;12.00.00;1,5;1098;118;6,7;842;117;1012;85;1440;828;15,6;40,6;0,7146
24/03/2004;13.00.00;1,7;1118;144;8,7;927;119;959;96;1477;825;16,9;34,6;0,6597
24/03/2004;14.00.00;2,2;1170;159;10,8;1009;126;879;106;1566;872;16,6;35,6;0,6697
24/03/2004;16.00.00;2,7;1390;230;11,4;1028;197;829;126;1730;1002;9,6;81,1;0,972
24/03/2004;17.00.00;2,8;1353;320;13,4;1096;195;774;130;1783;1159;11,7;69,1;0,9497
24/03/2004;18.00.00;2,7;1260;263;12,0;1050;156;828;111;1722;979;10,7;68,5;0,8794
24/03/2004;19.00.00;4,5;1501;556;20,2;1302;247;681;134;2008;1311;10,7;67,3;0,8643
24/03/2004;20.00.00;3,5;1273;458;14,4;1130;190;795;136;1744;1071;10,8;65,7;0,8486
24/03/2004;21.00.00;2,6;1179;214;9,4;955;169;928;125;1571;899;10,3;66,3;0,8336
24/03/2004;22.00.00;1,7;1047;97;5,9;809;118;1064;108;1435;766;10,1;66,9;0,8248
24/03/2004;23.00.00;1,3;973;79;4,5;739;81;1186;87;1354;589;10,4;61,1;0,7717
25/03/2004;00.00.00;1,3;997;81;4,5;737;80;1168;89;1341;631;10,3;59,9;0,7516
25/03/2004;01.00.00;1,0;970;52;2,5;621;42;1400;58;1249;479;11,0;58,4;0,7686
25/03/2004;02.00.00;0,7;902;38;1,8;568;38;1450;54;1253;479;9,1;68,1;0,789
25/03/2004;04.00.00;0,5;858;29;0,9;490;18;1707;28;1212;378;9,3;72,3;0,8496
25/03/2004;05.00.00;0,5;878;21;0,6;457;12;1935;20;1158;344;9,9;66,8;0,8152
25/03/2004;06.00.00;0,6;893;46;1,4;540;43;1604;51;1268;413;7,6;83,2;0,8695
25/03/2004;07.00.00;1,1;1038;55;3,8;697;84;1260;82;1383;605;8,1;79,0;0,8544
25/03/2004;08.00.00;2,7;1320;271;11,6;1035;184;902;112;1721;991;8,7;74,6;0,8429
25/03/2004;09.00.00;3,5;1353;434;17,8;1235;202;740;119;1937;1175;8,6;75,1;0,8415
25/03/2004;10.00.00;2,3;1133;300;8,8;933;133;969;99;1552;923;9,7;69,7;0,8389
25/03/2004;11.00.00;1,6;1066;116;6,8;849;130;1039;98;1468;829;11,0;64,4;0,8447
25/03/2004;12.00.00;1,3;1027;95;5,9;809;106;1081;88;1442;733;13,6;53,0;0,8209
25/03/2004;13.00.00;2,0;1106;211;8,9;935;132;958;96;1570;819;14,2;48,4;0,778
25/03/2004;14.00.00;1,9;1038;168;8,2;907;106;976;81;1492;723;14,2;46,3;0,7438
25/03/2004;15.00.00;1,9;1084;154;8,6;924;125;986;92;1501;786;16,0;41,3;0,7462
25/03/2004;16.00.00;2,2;1105;267;10,1;982;138;939;105;1545;850;17,7;35,4;0,7094
25/03/2004;17.00.00;2,0;1102;143;9,4;957;120;968;88;1527;820;17,1;37,4;0,7225
25/03/2004;18.00.00;2,9;1240;374;14,6;1137;158;836;103;1748;991;14,9;40,5;0,6835
25/03/2004;19.00.00;5,2;1443;797;24,6;1418;253;666;141;2060;1454;13,4;47,8;0,7293
25/03/2004;20.00.00;4,6;1389;698;21,6;1341;231;692;133;1982;1488;12,6;52,5;0,7642
25/03/2004;21.00.00;2,5;1183;234;10,3;989;150;904;119;1539;1205;12,2;53,2;0,7555
25/03/2004;22.00.00;1,5;1014;104;5,7;798;99;1083;106;1376;909;10,6;56,1;0,714
25/03/2004;23.00.00;1,2;979;67;4,5;736;75;1154;92;1324;769;9,9;59,5;0,7276
26/03/2004;00.00.00;1,7;1048;88;5,5;787;93;1098;97;1373;835;9,6;61,1;0,7323
26/03/2004;01.00.00;1,4;1024;79;4,8;753;79;1131;91;1357;793;9,7;61,6;0,7425
26/03/2004;02.00.00;1,2;974;61;3,6;690;67;1208;83;1313;733;9,4;62,6;0,7398
26/03/2004;04.00.00;0,7;925;40;2,2;602;45;1398;59;1263;562;8,0;69,4;0,7459
26/03/2004;05.00.00;0,8;952;52;3,0;654;72;1210;73;1312;832;7,7;72,4;0,7655
26/03/2004;06.00.00;0,9;1005;64;4,0;713;103;1130;78;1363;924;8,0;71,8;0,7711
26/03/2004;07.00.00;1,6;1122;88;6,7;842;132;1015;90;1438;974;8,5;66,3;0,7375
26/03/2004;08.00.00;3,4;1351;375;16,7;1201;239;783;110;1828;1307;9,8;59,6;0,7214
26/03/2004;09.00.00;3,8;1408;592;19,3;1278;275;682;114;1928;1481;11,2;57,0;0,7544
26/03/2004;10.00.00;3,1;1304;357;14,8;1142;232;772;119;1747;1405;14,8;44,1;0,7407
26/03/2004;11.00.00;2,7;1207;296;13,4;1098;180;826;121;1664;1195;16,8;35,3;0,6729
26/03/2004;12.00.00;2,0;1099;181;11,0;1014;112;948;97;1503;868;19,2;27,1;0,5976
26/03/2004;13.00.00;2,3;1106;211;12,5;1068;116;915;99;1535;874;19,1;26,2;0,5741
26/03/2004;14.00.00;1,9;1009;199;8,4;916;103;1015;85;1391;738;16,3;30,8;0,5683
26/03/2004;15.00.00;1,3;962;81;5,3;776;89;1152;75;1279;550;14,2;36,8;0,5922
26/03/2004;16.00.00;1,9;1093;143;8,8;933;112;976;87;1454;777;13,4;41,0;0,6292
26/03/2004;17.00.00;2,3;1180;247;11,2;1023;127;886;102;1588;966;14,2;43,3;0,6982
26/03/2004;18.00.00;2,4;1168;239;11,6;1037;125;868;105;1580;990;12,1;45,6;0,6403
26/03/2004;19.00.00;2,7;1168;267;12,4;1063;120;876;98;1540;944;10,4;48,0;0,6046
26/03/2004;20.00.00;2,6;1140;261;10,6;1000;120;916;93;1490;962;10,0;51,1;0,628
26/03/2004;21.00.00;1,5;1001;97;6,0;811;99;1097;91;1308;778;9,8;50,8;0,6172
26/03/2004;22.00.00;1,2;953;66;4,6;743;79;1185;85;1252;690;9,7;50,4;0,6063
26/03/2004;23.00.00;1,1;972;60;4,1;715;66;1237;74;1258;644;9,9;50,2;0,6103
27/03/2004;00.00.00;1,5;1021;77;5,2;776;94;1144;87;1307;753;9,4;53,4;0,63
27/03/2004;01.00.00;1,0;940;57;3,2;664;70;1290;79;1232;646;8,6;57,8;0,6488
27/03/2004;02.00.00;1,2;1046;65;4,5;736;75;1142;78;1312;838;8,1;62,1;0,6746
27/03/2004;05.00.00;0,8;915;27;1,9;578;32;1417;48;1212;665;8,2;58,9;0,6444
27/03/2004;06.00.00;0,9;935;25;2,4;615;54;1373;59;1250;717;6,3;66,6;0,641
27/03/2004;07.00.00;1,1;976;42;3,3;669;68;1270;65;1266;795;7,2;62,9;0,6396
27/03/2004;08.00.00;1,5;1124;78;6,7;842;98;1050;71;1418;936;7,2;63,9;0,65
27/03/2004;09.00.00;1,8;1163;128;8,5;919;128;922;84;1530;1076;11,1;50,5;0,6654
27/03/2004;10.00.00;2,1;1167;184;9,7;966;129;942;93;1520;1016;15,5;36,1;0,6313
27/03/2004;11.00.00;2,1;1121;156;9,4;955;130;992;99;1451;834;17,8;29,2;0,592
27/03/2004;12.00.00;1,9;1071;176;9,0;940;111;994;93;1449;756;17,6;30,1;0,6013
27/03/2004;13.00.00;2,1;1065;232;10,0;979;106;950;96;1467;766;19,1;26,8;0,5861
27/03/2004;14.00.00;2,5;1157;305;12,6;1072;137;888;114;1596;905;17,7;28,6;0,5735
27/03/2004;15.00.00;1,9;1046;150;7,6;883;113;1051;101;1357;765;17,8;28,4;0,5737
27/03/2004;16.00.00;2,2;1147;188;11,8;1042;122;934;108;1538;830;18,7;26,0;0,5555
27/03/2004;17.00.00;2,3;1119;221;11,2;1022;137;916;117;1508;853;17,1;31,3;0,6038
27/03/2004;18.00.00;2,7;1210;219;12,4;1062;165;886;125;1586;981;15,8;36,1;0,644
27/03/2004;19.00.00;3,0;1306;306;12,9;1079;196;827;133;1621;1286;14,7;40,1;0,6657
27/03/2004;20.00.00;2,8;1258;270;12,2;1057;174;841;119;1633;1244;13,6;44,9;0,6991
27/03/2004;21.00.00;2,2;1148;231;8,8;930;140;948;107;1475;1056;12,5;48,1;0,6946
27/03/2004;22.00.00;1,6;1108;125;6,8;848;102;1023;96;1421;1003;11,8;50,8;0,7042
27/03/2004;23.00.00;2,1;1231;122;8,6;924;130;906;105;1483;1245;10,9;56,1;0,7326
28/03/2004;00.00.00;2,3;1293;161;8,9;937;121;930;102;1464;1200;10,9;55,9;0,7277
28/03/2004;01.00.00;2,3;1274;101;8,3;912;111;939;97;1451;1188;10,3;58,1;0,7278
28/03/2004;02.00.00;1,7;1135;95;6,3;827;87;1013;79;1395;1070;9,3;62,2;0,7294
28/03/2004;04.00.00;1,3;1010;96;5,1;769;77;1110;69;1396;895;8,3;64,9;0,7124
28/03/2004;05.00.00;0,8;870;54;2,6;626;39;1325;52;1284;755;9,6;58,5;0,7
28/03/2004;06.00.00;1,1;983;63;3,6;688;77;1251;62;1342;806;7,7;66,4;0,699
28/03/2004;07.00.00;1,4;995;72;3,6;691;91;1219;69;1321;836;7,4;68,0;0,7043
28/03/2004;08.00.00;1,3;1024;91;4,7;747;105;1136;75;1382;897;9,7;58,6;0,7035
28/03/2004;09.00.00;1,9;1163;127;7,5;880;133;959;83;1486;1073;12,5;50,1;0,7242
28/03/2004;10.00.00;2,3;1218;193;9,0;938;128;918;94;1501;1088;16,8;36,9;0,7018
28/03/2004;11.00.00;2,3;1210;188;9,5;958;126;933;96;1514;1036;19,2;31,3;0,6887
28/03/2004;12.00.00;1,8;1114;151;7,7;887;92;1020;86;1438;768;21,3;26,4;0,6607
28/03/2004;13.00.00;1,4;995;103;5,7;796;66;1159;72;1287;587;21,2;23,1;0,5768
28/03/2004;14.00.00;1,0;927;55;3,8;700;50;1285;53;1189;452;18,6;25,0;0,5319
28/03/2004;15.00.00;1,4;1002;104;4,8;754;70;1189;65;1260;470;18,0;27,3;0,5594
28/03/2004;16.00.00;1,3;987;116;4,3;727;73;1213;70;1244;502;18,2;28,3;0,5848
28/03/2004;17.00.00;1,3;993;93;4,1;714;77;1217;75;1238;516;17,0;31,4;0,6048
28/03/2004;18.00.00;1,4;1012;93;4,7;746;86;1174;86;1301;555;15,6;35,0;0,617
28/03/2004;19.00.00;1,9;1114;155;6,2;823;93;1068;94;1357;671;14,1;40,2;0,6438
28/03/2004;20.00.00;1,8;1093;115;5,5;789;105;1102;103;1329;788;13,4;43,2;0,6623
28/03/2004;21.00.00;1,1;968;75;3,3;669;67;1261;81;1246;538;12,3;46,8;0,6686
28/03/2004;22.00.00;1,1;960;65;3,2;666;63;1266;80;1224;544;11,9;46,5;0,6449
28/03/2004;23.00.00;1,1;942;57;2,9;648;63;1300;77;1204;500;11,5;46,6;0,6319
29/03/2004;00.00.00;0,9;888;40;2,2;598;46;1396;58;1156;417;10,6;48,0;0,6135
29/03/2004;01.00.00;0,6;818;27;1,3;524;21;1588;31;1071;341;10,7;45,8;0,5895
29/03/2004;02.00.00;0,5;840;23;1,1;509;22;1643;38;1076;352;10,4;46,6;0,5901
29/03/2004;04.00.00;0,6;864;21;1,2;516;39;1496;59;1153;502;11,3;46,9;0,628
29/03/2004;05.00.00;0,7;898;33;1,7;559;55;1441;70;1180;648;10,1;51,2;0,6341
29/03/2004;06.00.00;0,9;946;40;2,9;643;76;1309;75;1232;760;9,9;50,7;0,6167
29/03/2004;07.00.00;2,9;1309;279;14,3;1125;181;844;103;1687;1183;8,1;56,8;0,615
29/03/2004;08.00.00;4,1;1326;743;19,7;1289;259;714;134;1806;1431;10,9;44,1;0,5748
29/03/2004;09.00.00;1,5;966;147;5,5;786;118;1111;98;1258;705;11,8;37,6;0,5184
29/03/2004;10.00.00;1,5;975;97;5,6;793;119;1133;97;1254;637;13,9;33,2;0,5222
29/03/2004;11.00.00;1,5;988;118;5,8;803;123;1105;98;1293;658;15,6;30,1;0,5285
29/03/2004;12.00.00;1,4;971;91;5,5;786;92;1129;78;1272;546;16,5;29,0;0,5406
29/03/2004;13.00.00;1,6;1010;146;6,5;833;91;1070;83;1332;561;17,5;27,9;0,5517
29/03/2004;14.00.00;1,5;984;139;5,5;790;103;1131;92;1268;532;17,9;26,8;0,5446
29/03/2004;15.00.00;1,4;962;155;5,2;776;102;1131;81;1247;535;18,2;26,1;0,5387
29/03/2004;16.00.00;1,5;1012;128;5,8;801;94;1098;90;1289;525;18,0;27,1;0,5522
29/03/2004;17.00.00;1,9;1058;166;7,9;896;98;996;95;1358;603;17,0;28,9;0,5558
29/03/2004;18.00.00;2,5;1173;299;10,2;985;126;905;114;1477;802;16,1;31,3;0,568
29/03/2004;19.00.00;2,1;1127;163;8,2;907;108;957;106;1404;796;14,5;35,4;0,5839
29/03/2004;20.00.00;1,6;1020;154;5,7;797;95;1066;99;1302;689;13,2;37,9;0,5733
29/03/2004;21.00.00;1,2;949;80;3,8;700;78;1221;90;1178;553;13,1;34,4;0,517
29/03/2004;22.00.00;1,1;930;58;4,0;710;61;1278;82;1137;509;13,5;28,5;0,4405
29/03/2004;23.00.00;1,0;900;55;2,8;643;55;1339;74;1089;455;12,4;31,9;0,4583
30/03/2004;00.00.00;1,0;899;33;2,6;630;57;1418;76;1050;425;13,1;26,8;0,4023
30/03/2004;01.00.00;0,7;866;33;1,8;569;41;1468;66;1055;436;11,6;33,6;0,4595
30/03/2004;02.00.00;0,7;900;32;1,7;563;46;1402;73;1130;618;10,5;42,9;0,5442
30/03/2004;05.00.00;0,7;956;26;2,3;605;52;1341;71;1117;691;12,9;33,9;0,5037
30/03/2004;06.00.00;1,1;1054;86;5,3;779;111;1080;98;1266;1013;11,3;40,3;0,5376
30/03/2004;07.00.00;2,6;1343;294;13,4;1096;191;839;115;1587;1311;11,9;38,4;0,5341
30/03/2004;08.00.00;4,0;1584;664;23,8;1399;244;642;130;1947;1675;13,3;35,6;0,5416
30/03/2004;09.00.00;4,2;1556;695;21,5;1337;283;674;150;1852;1689;16,3;28,8;0,5305
30/03/2004;10.00.00;4,7;1565;735;21,0;1324;320;695;159;1872;1688;17,9;28,2;0,5741
30/03/2004;11.00.00;3,9;1429;649;18,4;1251;249;734;146;1754;1548;18,3;26,6;0,5529
30/03/2004;12.00.00;3,7;1419;586;18,9;1267;219;742;138;1763;1490;20,8;22,5;0,5463
30/03/2004;13.00.00;3,4;1373;546;17,1;1213;200;791;128;1711;1354;22,4;20,0;0,5352
30/03/2004;14.00.00;2,2;1185;245;10,4;992;138;942;97;1448;1014;20,9;21,7;0,5295
30/03/2004;15.00.00;1,9;1122;178;8,0;897;118;991;91;1372;831;19,1;26,5;0,579
30/03/2004;16.00.00;1,6;1085;130;6,2;820;99;1060;81;1325;699;18,1;30,6;0,6295
30/03/2004;17.00.00;2,1;1249;151;9,7;968;112;874;99;1527;926;17,3;34,7;0,6788
30/03/2004;18.00.00;2,2;1236;272;9,6;962;117;853;101;1532;928;15,8;40,4;0,7228
30/03/2004;19.00.00;2,7;1334;301;11,9;1047;129;815;106;1638;1038;15,9;42,0;0,7541
30/03/2004;20.00.00;2,4;1264;237;8,7;928;132;884;102;1534;1035;15,9;43,5;0,779
30/03/2004;21.00.00;1,3;1073;95;4,7;746;73;1072;84;1360;789;15,0;46,1;0,7833
30/03/2004;22.00.00;1,2;1053;68;3,8;701;68;1147;81;1323;692;15,1;44,6;0,7574
30/03/2004;23.00.00;1,5;1098;101;4,7;747;80;1094;91;1360;764;14,9;43,5;0,7302
31/03/2004;00.00.00;1,3;1029;81;3,8;702;68;1180;82;1287;639;14,8;41,0;0,685
31/03/2004;01.00.00;1,0;973;50;2,7;631;44;1287;64;1240;541;14,8;40,8;0,6814
31/03/2004;02.00.00;0,9;972;66;2,8;639;47;1222;70;1256;678;14,8;40,8;0,6834
31/03/2004;04.00.00;0,5;851;18;0,8;477;15;1699;26;1064;343;14,5;36,1;0,5928
31/03/2004;05.00.00;0,6;909;31;1,5;545;44;1473;58;1131;436;14,6;36,0;0,5947
31/03/2004;06.00.00;1,0;1038;57;3,5;684;85;1220;93;1279;688;14,4;38,5;0,6291
31/03/2004;07.00.00;3,1;1636;342;15,6;1168;207;721;110;1926;1438;13,8;58,2;0,9129
31/03/2004;08.00.00;4,1;1580;644;19,9;1295;230;639;115;1957;1489;13,2;61,1;0,9256
31/03/2004;09.00.00;2,2;1262;216;8,6;924;181;872;125;1576;1093;10,4;74,4;0,9384
31/03/2004;10.00.00;1,7;1197;117;6,5;837;144;957;118;1498;965;11,5;71,0;0,9582
31/03/2004;11.00.00;1,9;1277;156;7,7;886;140;902;109;1579;1004;12,2;70,0;0,9924
31/03/2004;12.00.00;2,9;1430;332;11,3;1025;204;779;123;1772;1166;12,3;73,3;1,0442
31/03/2004;13.00.00;2,2;1242;232;9,1;944;149;846;114;1638;991;11,3;78,1;1,0411
31/03/2004;14.00.00;2,6;1349;295;11,2;1023;171;804;114;1748;1054;13,6;69,2;1,0746
31/03/2004;15.00.00;3,1;1390;386;13,5;1100;195;755;119;1799;1192;14,9;59,3;0,9974
31/03/2004;16.00.00;2,3;1224;278;10,1;980;152;850;111;1637;1055;15,7;50,9;0,8997
31/03/2004;17.00.00;2,4;1253;263;11,3;1026;128;810;103;1681;1048;15,2;52,9;0,9087
31/03/2004;18.00.00;2,8;1312;322;11,8;1041;121;821;103;1712;1073;15,5;50,8;0,8881
31/03/2004;19.00.00;2,7;1254;226;11,5;1033;142;819;107;1669;1068;14,3;52,9;0,8581
31/03/2004;20.00.00;2,3;1198;221;9,3;953;131;882;105;1588;1019;13,2;56,0;0,8446
31/03/2004;21.00.00;1,5;1060;109;5,5;787;81;1044;91;1418;833;12,6;57,0;0,8315
31/03/2004;22.00.00;1,4;1050;105;5,1;769;60;1078;79;1409;759;12,3;57,8;0,8224
31/03/2004;23.00.00;1,2;1029;84;4,8;754;57;1098;79;1395;749;12,0;58,4;0,8164
01/04/2004;00.00.00;1,6;1143;106;6,3;825;96;986;86;1477;978;12,0;61,6;0,8593
01/04/2004;01.00.00;1,2;1044;100;5,1;770;85;1031;70;1425;944;11,5;63,9;0,8652
01/04/2004;02.00.00;1,1;1034;71;4,1;716;50;1085;55;1405;891;10,7;67,2;0,863
01/04/2004;04.00.00;0,7;909;44;2,4;615;57;1237;49;1322;790;10,2;66,6;0,8299
01/04/2004;05.00.00;0,9;996;45;2,9;648;64;1176;50;1340;852;11,0;63,7;0,8325
01/04/2004;06.00.00;1,7;1154;134;7,4;876;153;1002;67;1561;987;9,6;68,8;0,8243
01/04/2004;07.00.00;4,2;1510;505;19,8;1291;342;675;94;1949;1435;9,5;69,6;0,8273
01/04/2004;08.00.00;6,2;1722;1042;31,9;1595;378;539;119;2439;1798;11,9;60,9;0,8455
01/04/2004;09.00.00;4,6;1512;737;21,0;1323;304;631;139;2001;1677;16,2;48,6;0,8892
01/04/2004;10.00.00;2,8;1258;375;11,7;1040;192;800;113;1701;1282;19,2;39,6;0,8693
01/04/2004;11.00.00;1,6;1094;124;6,8;850;130;970;88;1489;871;19,7;38,4;0,8743
01/04/2004;12.00.00;1,7;1129;137;7,4;875;106;974;73;1524;759;20,6;36,7;0,8797
01/04/2004;13.00.00;1,7;1125;179;8,6;924;102;937;73;1542;790;21,8;33,9;0,8771
01/04/2004;17.00.00;3,3;1308;388;16,4;1193;163;793;106;1193;1187;23,6;27,5;0,7913
01/04/2004;18.00.00;4,2;1529;589;21,2;1331;211;700;132;2028;1399;22,8;32,1;0,8814
01/04/2004;19.00.00;5,5;1592;840;25,0;1429;267;624;164;2089;1644;20,8;36,7;0,8878
01/04/2004;20.00.00;4,9;1536;655;20,2;1302;269;666;161;1922;1599;18,3;40,9;0,8493
01/04/2004;21.00.00;2,5;1192;254;10,8;1007;154;827;124;1604;1223;16,8;44,0;0,8341
01/04/2004;22.00.00;2,0;1186;188;9,9;976;127;844;113;1570;1200;15,8;48,0;0,8569
01/04/2004;23.00.00;2,0;1203;120;8,5;920;122;898;103;1529;1118;14,9;52,0;0,8757
02/04/2004;00.00.00;2,0;1139;157;8,0;899;126;921;104;1514;1067;14,1;54,4;0,8701
02/04/2004;01.00.00;1,3;1072;88;5,6;795;84;986;93;1442;1048;13,3;58,8;0,8922
02/04/2004;02.00.00;1,0;954;68;3,2;667;58;1180;60;1350;718;13,3;60,9;0,9229
02/04/2004;05.00.00;0,7;968;51;2,6;628;56;1197;66;1372;737;11,3;72,9;0,9738
02/04/2004;06.00.00;1,1;1067;93;4,3;727;91;1055;82;1448;903;11,4;71,8;0,9671
02/04/2004;07.00.00;2,6;1386;284;13,0;1083;159;798;109;1833;1159;11,9;73,7;1,0254
02/04/2004;08.00.00;3,9;1474;486;20,3;1306;190;634;114;2060;1365;12,6;70,2;1,0221
02/04/2004;09.00.00;5,0;1569;798;20,7;1316;249;634;139;2054;1510;13,6;65,3;1,0136
02/04/2004;10.00.00;3,3;1375;524;15,9;1177;196;706;127;1898;1386;16,9;52,3;1,0013
02/04/2004;11.00.00;2,9;1328;468;14,2;1123;180;738;127;1821;1368;19,4;44,1;0,9855
02/04/2004;12.00.00;3,1;1341;454;15,9;1176;167;748;135;1825;1347;22,9;33,8;0,9322
02/04/2004;13.00.00;3,0;1297;461;16,1;1183;159;765;130;1773;1242;23,6;31,3;0,9001
02/04/2004;14.00.00;2,7;1303;391;14,7;1139;152;790;126;1761;1138;24,7;30,5;0,9371
02/04/2004;15.00.00;2,7;1281;337;14,0;1116;149;809;121;1703;1080;26,1;27,3;0,9101
02/04/2004;16.00.00;2,6;1248;297;13,6;1103;143;872;122;1632;1002;27,6;22,8;0,8288
02/04/2004;17.00.00;3,7;1382;588;19,7;1288;185;778;138;1799;1212;26,9;22,3;0,7792
02/04/2004;18.00.00;4,5;1491;721;23,3;1385;223;685;165;1915;1486;24,3;30,1;0,9012
02/04/2004;19.00.00;4,7;1620;710;24,1;1407;215;641;154;2052;1567;21,2;40,1;0,9978
02/04/2004;20.00.00;5,5;1693;787;25,4;1439;271;618;168;2083;1723;19,4;42,5;0,9483
02/04/2004;21.00.00;3,0;1374;415;14,1;1121;180;771;146;1685;1399;18,5;43,0;0,9074
02/04/2004;22.00.00;1,9;1287;245;10,1;982;115;841;124;1582;1291;17,8;47,0;0,9467
02/04/2004;23.00.00;2,3;1408;294;12,1;1052;149;761;124;1684;1443;16,8;53,2;1,01
03/04/2004;00.00.00;1,6;1254;139;9,0;941;98;828;106;1566;1270;17,1;51,8;0,999
03/04/2004;01.00.00;1,3;1141;98;6,3;827;73;936;88;1488;1110;16,2;54,2;0,9933
03/04/2004;02.00.00;1,2;1141;88;5,3;777;69;986;83;1455;1060;15,1;58,2;0,9886
03/04/2004;04.00.00;0,8;986;57;3,0;651;60;1145;74;1380;891;14,5;58,0;0,9488
03/04/2004;05.00.00;0,8;1005;57;3,3;673;56;1103;64;1387;905;13,7;61,6;0,9631
03/04/2004;06.00.00;0,9;1041;60;3,5;683;73;1112;69;1398;899;13,9;59,6;0,9408
03/04/2004;07.00.00;2,0;1272;200;9,5;959;159;846;91;1660;1136;13,3;61,7;0,9399
03/04/2004;08.00.00;3,0;1436;451;15,2;1154;203;704;96;1872;1391;15,1;55,8;0,9486
03/04/2004;09.00.00;3,1;1472;422;14,3;1126;211;720;106;1816;1460;17,0;50,5;0,9684
05/04/2004;10.00.00;3,1;1461;424;14,3;1127;236;703;124;1836;1451;15,6;57,4;1,0075
05/04/2004;11.00.00;3,0;1430;339;13,7;1107;228;713;121;1853;1409;16,6;55,2;1,0382
05/04/2004;12.00.00;3,2;1498;445;15,7;1171;206;684;114;1942;1434;17,0;54,3;1,0434
05/04/2004;13.00.00;3,1;1454;535;15,4;1162;188;682;114;1915;1457;18,0;51,5;1,0552
05/04/2004;14.00.00;2,5;1402;278;12,6;1069;158;733;106;1793;1325;19,5;47,5;1,0653
05/04/2004;15.00.00;2,1;1327;256;9,8;971;124;803;89;1705;1120;21,6;41,7;1,0606
05/04/2004;16.00.00;2,0;1273;245;9,6;963;98;832;82;1662;931;22,2;38,3;1,0106
05/04/2004;17.00.00;3,2;1457;458;16,3;1190;160;678;111;1877;1212;20,3;42,8;1,0053
05/04/2004;18.00.00;4,1;1543;710;19,8;1290;194;631;132;2011;1353;19,7;45,4;1,0312
05/04/2004;19.00.00;3,9;1499;678;18,0;1239;174;651;121;1957;1359;18,8;47,5;1,0199
05/04/2004;20.00.00;3,1;1378;436;13,6;1102;157;742;116;1796;1273;17,9;49,4;1,0064
05/04/2004;21.00.00;2,0;1243;178;8,7;928;109;852;100;1622;1079;17,5;50,9;1,009
05/04/2004;22.00.00;1,7;1196;160;7,7;885;85;884;89;1589;973;17,4;51,8;1,023
05/04/2004;23.00.00;1,6;1137;177;7,3;869;90;890;92;1554;951;17,0;53,9;1,0363
06/04/2004;00.00.00;1,0;1015;101;4,1;718;61;1065;71;1428;714;16,6;55,4;1,0408
06/04/2004;01.00.00;0,8;978;66;2,7;635;36;1188;51;1382;579;15,9;57,0;1,0224
06/04/2004;02.00.00;0,5;933;40;1,5;547;25;1357;39;1336;542;15,0;59,2;1,0059
06/04/2004;04.00.00;0,5;908;39;1,8;569;24;1303;35;1360;526;14,1;61,6;0,9883
06/04/2004;05.00.00;0,8;980;62;3,4;677;73;1141;64;1435;659;14,6;58,8;0,9711
06/04/2004;06.00.00;1,7;1236;120;8,5;920;164;880;94;1641;1012;14,4;58,9;0,9594
06/04/2004;07.00.00;4,5;1664;599;24,1;1407;329;594;134;2198;1564;15,3;55,2;0,9538
06/04/2004;08.00.00;6,2;1757;1084;33,7;1636;302;494;129;2560;1806;16,2;52,5;0,9576
06/04/2004;09.00.00;4,4;1524;776;22,0;1350;256;588;125;2096;1604;18,4;46,3;0,9734
06/04/2004;10.00.00;2,9;1329;470;14,1;1119;182;707;107;1823;1288;19,6;41,8;0,9407
06/04/2004;11.00.00;1,6;1167;169;7,6;884;105;881;78;1580;931;20,2;40,1;0,937
06/04/2004;12.00.00;2,6;1369;304;14,5;1132;136;715;91;1818;1162;20,9;36,6;0,8939
06/04/2004;13.00.00;2,9;1284;405;13,6;1103;167;755;116;1704;1064;20,4;34,7;0,8229
06/04/2004;14.00.00;2,5;1221;297;11,5;1032;166;811;131;1630;913;19,3;35,4;0,7813
06/04/2004;15.00.00;1,9;1096;220;9,2;947;115;872;113;1519;684;18,6;36,9;0,7829
06/04/2004;16.00.00;1,9;1143;226;10,3;988;109;849;98;1590;710;18,8;36,8;0,7883
06/04/2004;17.00.00;2,7;1251;456;14,0;1116;143;760;116;1716;923;17,5;40,6;0,8068
06/04/2004;18.00.00;3,0;1268;470;15,0;1148;159;728;120;1776;1006;16,8;44,3;0,8428
06/04/2004;19.00.00;3,3;1314;503;15,1;1150;181;726;126;1784;1083;16,3;47,7;0,8746
06/04/2004;20.00.00;3,2;1315;459;14,8;1142;178;724;126;1807;1161;15,6;50,7;0,8947
06/04/2004;21.00.00;1,8;1095;227;8,5;918;91;896;90;1527;800;15,7;49,4;0,8768
06/04/2004;22.00.00;1,3;1027;152;5,9;808;76;996;81;1458;647;15,8;48,6;0,8653
06/04/2004;23.00.00;1,1;1012;94;4,8;752;66;1053;74;1393;649;15,7;47,0;0,8325
07/04/2004;00.00.00;0,9;948;93;4,0;710;56;1127;67;1352;575;15,7;45,9;0,8121
07/04/2004;01.00.00;0,7;889;49;2,3;603;35;1308;46;1271;455;15,6;44,9;0,792
07/04/2004;02.00.00;0,4;830;30;1,4;538;21;1475;30;1214;392;15,6;44,4;0,7827
07/04/2004;04.00.00;0,3;804;30;0,7;468;12;1826;19;1166;320;15,7;45,4;0,8063
07/04/2004;05.00.00;0,3;824;32;0,8;478;22;1705;32;1200;331;15,3;50,1;0,8617
07/04/2004;06.00.00;0,8;1000;59;3,6;688;55;1257;61;1398;426;14,2;58,6;0,9443
07/04/2004;07.00.00;2,8;1307;277;12,9;1082;152;777;111;1769;830;14,3;58,2;0,9431
07/04/2004;08.00.00;3,1;1286;454;15,7;1171;153;716;102;1821;1006;15,0;52,0;0,8817
07/04/2004;09.00.00;2,3;1150;211;8,6;925;152;865;116;1576;820;13,6;61,4;0,9519
07/04/2004;10.00.00;1,6;1087;196;7,4;876;112;911;96;1554;737;16,1;53,1;0,9675
07/04/2004;11.00.00;1,5;1016;110;6,6;839;119;991;97;1448;790;16,6;44,3;0,8294
07/04/2004;12.00.00;1,6;1029;164;7,8;892;122;937;110;1474;760;17,4;40,3;0,7922
07/04/2004;13.00.00;1,8;1109;151;9,1;943;115;883;103;1604;767;18,1;42,2;0,8679
07/04/2004;14.00.00;1,4;997;112;6,1;817;84;1030;79;1426;626;14,4;51,8;0,8433
07/04/2004;15.00.00;1,9;1177;117;7,5;880;146;927;104;1552;776;10,9;76,4;0,9953
07/04/2004;16.00.00;1,2;1045;120;5,9;808;65;1038;69;1421;589;16,4;47,7;0,8819
07/04/2004;17.00.00;2,3;1171;251;12,7;1073;120;847;96;1623;872;18,0;37,1;0,7598
07/04/2004;18.00.00;3,3;1221;435;13,5;1101;185;799;121;1700;996;14,7;48,7;0,8089
07/04/2004;19.00.00;3,1;1262;345;14,5;1133;157;774;129;1748;1033;11,3;71,3;0,9514
07/04/2004;20.00.00;3,3;1207;343;11,0;1013;174;876;116;1632;982;10,0;74,0;0,9087
07/04/2004;21.00.00;1,2;956;62;3,2;666;62;1235;71;1282;518;9,8;71,8;0,8702
07/04/2004;22.00.00;1,3;1020;70;4,3;727;81;1153;85;1391;631;9,3;75,2;0,8796
07/04/2004;23.00.00;1,9;1107;114;7,1;861;118;957;101;1510;879;9,6;76,0;0,9088
08/04/2004;00.00.00;1,4;1020;88;4,8;752;95;1074;97;1398;839;9,3;75,0;0,8799
08/04/2004;01.00.00;1,5;1051;95;5,7;798;84;1016;89;1455;876;9,0;76,7;0,8825
08/04/2004;02.00.00;1,1;965;83;4,1;716;56;1087;72;1383;827;8,2;79,6;0,8672
08/04/2004;05.00.00;0,8;869;68;2,8;642;69;1291;62;1288;723;8,1;72,1;0,7798
08/04/2004;06.00.00;1,1;939;59;4,8;754;74;1169;64;1384;797;8,1;70,4;0,7609
08/04/2004;07.00.00;2,6;1274;226;13,8;1109;161;820;80;1723;1138;8,1;70,5;0,7627
08/04/2004;08.00.00;5,1;1512;802;27,1;1482;308;596;118;2189;1605;9,9;64,3;0,7859
08/04/2004;09.00.00;4,2;1435;585;19,1;1271;300;676;130;1885;1569;13,0;54,2;0,809
08/04/2004;10.00.00;2,6;1207;324;11,7;1041;189;813;113;1620;1319;16,5;42,6;0,7912
08/04/2004;11.00.00;2,4;1223;308;12,7;1075;164;818;112;1678;1198;19,3;34,2;0,7566
08/04/2004;12.00.00;2,1;1121;238;11,3;1026;122;865;96;1541;958;21,5;27,4;0,6941
08/04/2004;13.00.00;2,6;1176;301;14,2;1123;166;816;125;1609;1068;20,4;26,7;0,6323
08/04/2004;14.00.00;2,8;1144;294;13,9;1114;181;845;128;1551;1010;20,6;22,6;0,5432
08/04/2004;15.00.00;2,5;1136;353;13,2;1089;127;856;101;1552;928;20,6;24,8;0,5931
08/04/2004;16.00.00;1,9;1085;209;10,7;1004;106;888;95;1454;816;21,0;25,4;0,6264
08/04/2004;17.00.00;3,6;1297;538;19,7;1287;192;723;138;1798;1216;21,5;24,5;0,6203
08/04/2004;18.00.00;4,6;1408;808;24,0;1404;241;646;154;1972;1463;19,3;28,6;0,6357
08/04/2004;19.00.00;6,3;1618;974;29,1;1530;326;579;171;2167;1791;18,0;32,9;0,6737
08/04/2004;20.00.00;4,3;1319;544;15,8;1172;232;746;136;1699;1425;15,8;39,8;0,7096
08/04/2004;21.00.00;1,6;1045;138;7,0;857;92;968;93;1410;922;15,3;41,5;0,7194
08/04/2004;22.00.00;1,4;1058;92;6,3;824;95;993;99;1411;971;14,1;46,0;0,7363
09/04/2004;23.00.00;2,3;1176;169;8,4;917;157;866;95;1560;1151;12,0;67,9;0,9523
10/04/2004;00.00.00;1,3;1047;77;5,4;783;83;1014;79;1449;975;12,0;66,9;0,9336
10/04/2004;01.00.00;1,7;1116;98;6,9;854;118;929;78;1533;1034;11,5;70,1;0,9503
10/04/2004;02.00.00;1,7;1074;102;6,4;832;101;951;75;1507;980;11,4;69,8;0,939
10/04/2004;04.00.00;0,8;898;69;3,3;669;46;1163;52;1386;807;10,8;70,3;0,9092
10/04/2004;05.00.00;1,0;970;89;4,0;708;81;1121;55;1435;842;10,2;73,4;0,9129
10/04/2004;06.00.00;1,4;1073;134;6,0;812;112;988;65;1500;950;10,8;70,5;0,9142
10/04/2004;07.00.00;1,7;1081;157;8,2;906;150;895;72;1591;1024;11,0;71,0;0,9279
10/04/2004;08.00.00;2,0;1159;167;9,9;976;138;837;76;1663;1098;12,4;64,0;0,9206
10/04/2004;09.00.00;2,0;1112;157;8,8;931;124;869;84;1588;1011;15,0;53,1;0,8993
10/04/2004;10.00.00;1,9;1112;172;8,4;917;124;897;90;1542;931;16,6;44,4;0,8313
10/04/2004;11.00.00;2,1;1063;114;7,5;877;115;971;89;1481;811;18,0;38,4;0,7862
10/04/2004;12.00.00;1,8;1032;166;7,8;892;101;973;87;1457;756;20,6;30,0;0,7213
10/04/2004;13.00.00;1,5;936;94;6,4;829;90;1054;88;1336;607;19,9;26,7;0,6137
10/04/2004;14.00.00;1,3;883;108;5,1;766;90;1152;81;1238;498;19,8;23,1;0,5283
10/04/2004;15.00.00;1,4;942;98;6,9;852;89;1055;89;1318;540;21,4;22,7;0,5722
10/04/2004;16.00.00;1,5;943;132;6,8;850;92;1084;91;1296;544;22,1;21,3;0,5605
10/04/2004;17.00.00;1,7;1007;144;7,4;875;103;1027;104;1357;620;21,1;24,5;0,604
10/04/2004;18.00.00;2,0;1037;165;8,7;927;122;949;111;1426;740;18,3;31,6;0,6562
10/04/2004;19.00.00;2,5;1127;210;11,2;1022;159;871;129;1534;921;16,1;35,0;0,6372
10/04/2004;20.00.00;2,4;1123;277;10,5;996;172;861;133;1551;1033;14,8;41,5;0,6929
10/04/2004;21.00.00;2,0;1110;168;8,2;909;125;916;115;1487;984;13,2;50,3;0,7577
10/04/2004;22.00.00;2,9;1247;248;11,6;1037;187;812;125;1618;1193;12,3;55,5;0,7916
10/04/2004;23.00.00;2,5;1220;235;9,7;967;174;844;117;1545;1219;11,8;56,6;0,7833
11/04/2004;00.00.00;1,4;1028;84;5,1;770;75;1047;84;1326;913;11,2;56,2;0,7469
11/04/2004;01.00.00;1,2;978;75;4,0;711;48;1144;63;1304;750;11,0;56,6;0,7418
11/04/2004;02.00.00;1,0;949;62;3,7;694;61;1160;68;1310;772;9,3;64,3;0,7531
11/04/2004;05.00.00;0,7;836;38;2,9;643;38;1244;49;1306;727;7,7;70,7;0,7463
11/04/2004;06.00.00;0,8;856;44;2,9;644;41;1259;49;1301;746;7,4;71,0;0,7346
11/04/2004;07.00.00;0,9;888;60;3,0;651;51;1240;52;1298;733;8,2;66,6;0,7283
11/04/2004;08.00.00;1,1;912;88;3,7;694;61;1196;58;1343;727;8,7;64,3;0,7267
11/04/2004;09.00.00;1,0;938;70;3,9;706;47;1177;51;1320;642;13,0;47,9;0,7116
11/04/2004;10.00.00;1,6;1053;94;6,2;823;87;1040;77;1386;810;17,4;35,4;0,699
11/04/2004;11.00.00;1,8;1087;126;7,3;870;107;1014;90;1412;851;20,2;29,2;0,683
11/04/2004;12.00.00;2,6;1153;181;9,2;945;161;969;118;1425;911;22,7;22,9;0,6224
11/04/2004;13.00.00;1,1;894;66;4,0;710;61;1209;70;1200;611;22,3;22,4;0,5955
11/04/2004;14.00.00;0,6;797;54;2,3;606;26;1452;35;1076;368;22,2;18,9;0,4993
11/04/2004;15.00.00;0,9;854;48;3,1;658;42;1409;46;1108;369;22,0;19,0;0,4969
11/04/2004;16.00.00;1,0;892;66;3,2;665;55;1348;58;1150;394;21,0;23,6;0,5788
11/04/2004;17.00.00;1,2;935;65;3,3;672;65;1299;61;1183;415;19,6;27,4;0,6162
11/04/2004;18.00.00;1,4;989;68;4,0;709;75;1225;80;1233;469;17,9;30,8;0,6258
11/04/2004;19.00.00;2,0;1063;118;5,7;797;93;1079;93;1285;607;16,4;35,3;0,6532
11/04/2004;20.00.00;1,1;922;65;3,4;674;63;1220;78;1205;498;15,6;37,5;0,6575
11/04/2004;21.00.00;1,1;925;63;3,5;680;60;1223;76;1217;481;15,5;36,7;0,6438
11/04/2004;22.00.00;1,1;924;61;2,9;648;63;1272;74;1186;465;14,5;39,0;0,6428
11/04/2004;23.00.00;1,1;914;63;3,1;661;66;1256;81;1187;478;14,2;38,2;0,6163
12/04/2004;00.00.00;0,7;840;31;1,6;556;41;1474;58;1094;366;13,7;38,3;0,5957
12/04/2004;01.00.00;0,6;799;29;1,1;514;42;1615;59;1036;332;14,1;34,0;0,5442
12/04/2004;02.00.00;0,7;856;34;2,0;581;36;1448;54;1111;346;14,6;34,0;0,5605
12/04/2004;04.00.00;0,3;753;9;0,7;462;16;1822;25;955;274;13,9;30,9;0,4868
12/04/2004;05.00.00;0,3;785;14;0,5;448;16;1923;26;1003;263;13,5;37,9;0,5852
12/04/2004;06.00.00;0,4;835;23;0,7;472;33;1756;49;1117;314;13,9;43,6;0,6871
12/04/2004;07.00.00;0,5;865;36;0,9;494;39;1613;53;1185;367;13,5;50,1;0,7706
12/04/2004;08.00.00;0,6;922;39;1,5;541;45;1453;57;1246;432;13,3;53,6;0,8169
12/04/2004;09.00.00;0,8;975;38;2,2;598;63;1268;73;1293;536;13,4;56,0;0,8576
12/04/2004;10.00.00;1,0;1040;55;2,9;646;71;1210;78;1325;555;13,0;59,6;0,886
12/04/2004;11.00.00;1,3;1115;75;3,9;707;104;1105;93;1384;677;12,7;62,7;0,9173
12/04/2004;12.00.00;1,1;1004;64;2,8;641;85;1201;71;1305;557;12,1;60,5;0,8505
12/04/2004;13.00.00;0,6;895;39;1,4;536;53;1415;56;1229;421;11,2;64,4;0,8537
12/04/2004;14.00.00;0,7;917;42;1,7;563;58;1415;60;1257;423;10,7;67,6;0,8703
12/04/2004;15.00.00;1,2;1025;78;3,6;689;89;1189;77;1325;519;11,4;61,2;0,8236
12/04/2004;16.00.00;1,4;1035;69;3,1;660;96;1222;82;1301;533;9,9;70,5;0,8581
12/04/2004;17.00.00;1,2;1025;67;3,5;682;88;1197;77;1313;537;10,3;65,2;0,8151
12/04/2004;18.00.00;1,3;1040;83;3,9;705;100;1149;91;1324;612;11,0;58,9;0,7714
12/04/2004;19.00.00;1,8;1070;79;5,2;776;127;1065;93;1369;697;10,6;59,5;0,7595
12/04/2004;20.00.00;1,2;964;68;3,7;692;88;1176;82;1292;573;10,6;57,7;0,7362
12/04/2004;21.00.00;0,8;904;56;2,7;635;66;1269;74;1233;489;10,6;56,1;0,7149
12/04/2004;22.00.00;0,8;913;49;2,6;626;61;1271;68;1234;474;10,3;58,0;0,7239
12/04/2004;23.00.00;0,8;914;56;2,4;610;54;1322;65;1230;455;10,4;58,4;0,7352
13/04/2004;00.00.00;0,7;893;48;2,0;587;46;1368;58;1219;433;10,7;58,2;0,7459
13/04/2004;01.00.00;0,5;844;27;1,3;532;25;1499;36;1176;376;10,5;59,9;0,7624
13/04/2004;02.00.00;0,3;837;29;1,2;518;18;1581;29;1182;360;10,5;60,8;0,7704
13/04/2004;04.00.00;0,3;825;47;0,9;489;21;1565;28;1171;363;11,1;60,1;0,7925
13/04/2004;05.00.00;0,7;956;66;3,1;656;76;1251;68;1356;525;10,1;68,4;0,8443
13/04/2004;06.00.00;1,6;1124;163;6,9;853;149;960;99;1531;873;10,0;68,7;0,8456
13/04/2004;07.00.00;3,9;1496;524;19,1;1272;328;667;130;2011;1399;11,0;64,2;0,8398
13/04/2004;08.00.00;4,5;1452;657;22,1;1354;282;620;128;2057;1501;12,0;58,1;0,8138
13/04/2004;09.00.00;2,7;1172;324;11,8;1042;206;797;120;1641;1186;12,8;52,0;0,7643
13/04/2004;10.00.00;1,6;1020;144;7,3;871;133;956;93;1426;911;12,6;50,8;0,7387
13/04/2004;11.00.00;1,6;1044;135;8,0;900;137;934;96;1471;919;13,8;47,4;0,7435
13/04/2004;12.00.00;1,6;1020;140;7,2;866;116;972;84;1429;791;15,1;42,7;0,7294
13/04/2004;13.00.00;1,5;1009;141;7,7;885;112;994;87;1439;751;16,3;38,1;0,7006
13/04/2004;14.00.00;1,8;1073;181;9,7;966;128;935;87;1537;805;16,6;36,7;0,6867
13/04/2004;15.00.00;2,1;1098;227;9,8;971;145;877;103;1527;966;15,8;40,5;0,7241
13/04/2004;16.00.00;1,7;1061;149;7,7;887;110;920;88;1462;869;16,3;41,8;0,7712
13/04/2004;17.00.00;3,0;1289;425;15,3;1158;184;755;118;1791;1196;16,1;42,8;0,7783
13/04/2004;18.00.00;4,6;1442;669;21,5;1337;243;630;134;2004;1523;15,3;46,8;0,8074
13/04/2004;19.00.00;5,0;1479;680;21,7;1343;259;631;144;1995;1579;14,7;47,0;0,7815
13/04/2004;20.00.00;3,5;1266;446;14,6;1138;205;726;129;1747;1370;14,1;49,6;0,7931
13/04/2004;21.00.00;2,1;1149;205;9,3;952;144;845;108;1577;1204;13,5;54,1;0,8351
13/04/2004;22.00.00;2,1;1168;194;9,4;954;152;843;104;1586;1201;12,3;59,2;0,8461
13/04/2004;23.00.00;1,5;1079;115;6,8;847;108;925;90;1463;1122;11,6;62,2;0,851
14/04/2004;00.00.00;1,1;1047;74;4,9;760;64;1032;74;1379;1003;11,5;61,4;0,8303
14/04/2004;01.00.00;0,9;936;85;3,9;705;73;1086;73;1364;918;10,9;64,6;0,8395
14/04/2004;02.00.00;0,7;900;66;2,7;635;47;1207;60;1307;836;11,1;63,2;0,8331
14/04/2004;05.00.00;0,9;905;47;3,3;670;79;1191;62;1346;820;10,2;65,8;0,8196
14/04/2004;06.00.00;1,6;1079;116;7,4;875;113;947;71;1535;998;10,3;65,6;0,8225
14/04/2004;07.00.00;3,9;1417;478;18,2;1246;263;669;94;1921;1403;10,8;64,0;0,8307
14/04/2004;08.00.00;5,0;1529;836;27,7;1497;275;569;99;2278;1641;13,3;55,6;0,8453
14/04/2004;09.00.00;4,3;1397;655;18,3;1248;263;659;119;1906;1534;15,8;46,8;0,8328
14/04/2004;10.00.00;2,7;1214;312;12,3;1061;183;780;103;1662;1257;19,5;34,4;0,7738
14/04/2004;11.00.00;2,1;1109;195;8,9;935;147;882;95;1518;1026;21,1;30,2;0,745
14/04/2004;12.00.00;2,1;1122;238;10,4;993;132;859;95;1571;993;18,4;34,2;0,7185
15/04/2004;09.00.00;3,9;1489;536;19,1;1270;309;633;114;1889;1638;13,5;53,4;0,8196
15/04/2004;10.00.00;3,8;1451;481;17,3;1219;327;661;127;1804;1633;15,0;49,3;0,8364
15/04/2004;11.00.00;3,8;1454;460;17,5;1225;299;661;135;1809;1654;17,1;42,1;0,812
15/04/2004;12.00.00;3,9;1392;597;17,0;1210;257;689;135;1792;1559;18,4;36,9;0,7758
15/04/2004;13.00.00;3,5;1351;465;17,0;1210;195;709;120;1783;1374;19,3;35,4;0,7824
15/04/2004;14.00.00;4,0;1418;542;19,5;1282;231;681;129;1890;1418;19,2;35,7;0,7826
15/04/2004;15.00.00;3,0;1303;437;14,8;1143;170;748;114;1734;1228;21,5;30,4;0,7677
15/04/2004;16.00.00;3,1;1292;383;14,0;1116;192;746;129;1676;1293;19,6;34,6;0,7807
15/04/2004;17.00.00;5,2;1560;778;24,4;1413;251;594;149;2046;1642;19,6;35,5;0,8017
15/04/2004;18.00.00;5,9;1765;926;28,1;1507;289;533;149;2271;1895;18,3;44,1;0,9183
15/04/2004;19.00.00;7,3;1875;1189;33,7;1637;351;482;158;2446;2086;17,4;47,8;0,9392
15/04/2004;20.00.00;6,1;1746;824;24,2;1409;319;553;148;2119;1898;16,8;49,8;0,9446
15/04/2004;21.00.00;4,6;1607;660;19,8;1290;264;587;134;1960;1758;16,2;53,2;0,9723
15/04/2004;22.00.00;2,5;1277;203;9,3;952;144;802;111;1607;1284;14,9;59,1;0,9928
15/04/2004;23.00.00;2,2;1207;136;7,3;868;119;877;106;1532;1075;13,9;64,0;1,013
16/04/2004;00.00.00;2,0;1209;114;7,1;863;120;882;108;1547;1084;13,7;66,8;1,041
16/04/2004;01.00.00;1,9;1189;110;6,7;844;96;887;93;1566;1049;13,4;69,6;1,0688
16/04/2004;02.00.00;1,6;1132;127;6,0;810;77;899;83;1532;1021;12,8;71,9;1,0632
16/04/2004;04.00.00;1,0;1033;70;3,6;686;63;1030;69;1420;948;11,9;74,8;1,038
16/04/2004;05.00.00;1,2;1075;93;5,4;782;97;941;77;1505;988;11,6;76,4;1,0415
16/04/2004;06.00.00;2,0;1242;179;10,0;978;180;778;87;1686;1184;11,7;75,3;1,0325
16/04/2004;07.00.00;4,5;1657;523;23,2;1384;352;579;109;2176;1600;12,8;71,0;1,0428
16/04/2004;08.00.00;4,1;1406;546;18,7;1258;279;636;116;1890;1495;13,8;61,1;0,9595
16/04/2004;09.00.00;2,6;1150;251;9,9;973;186;827;105;1590;1188;15,3;51,4;0,8886
16/04/2004;10.00.00;2,3;1184;222;10,2;983;169;823;106;1604;1166;16,6;48,7;0,9146
16/04/2004;11.00.00;2,6;1223;212;11,0;1014;172;781;108;1666;1219;17,6;46,7;0,9324
16/04/2004;12.00.00;2,4;1196;263;10,5;997;127;802;100;1644;1128;19,2;42,7;0,9425
16/04/2004;13.00.00;4,3;1559;535;18,9;1267;230;653;149;2047;1373;15,7;62,5;1,1092
16/04/2004;14.00.00;4,6;1544;609;18,9;1266;280;613;148;2066;1415;14,5;75,7;1,2425
16/04/2004;15.00.00;4,0;1485;449;17,5;1223;242;650;126;1980;1302;14,4;77,4;1,2654
16/04/2004;16.00.00;4,7;1498;536;17,7;1230;250;649;140;1963;1308;14,6;74,9;1,2391
16/04/2004;17.00.00;5,7;1593;743;23,0;1378;309;582;142;2159;1449;14,6;76,0;1,2573
16/04/2004;18.00.00;5,2;1529;575;20,4;1309;270;627;141;2083;1385;14,0;76,3;1,2166
16/04/2004;19.00.00;6,4;1689;783;26,8;1474;323;560;149;2298;1492;13,9;78,0;1,2303
16/04/2004;20.00.00;6,0;1535;706;19,9;1295;307;627;140;2039;1380;13,8;78,0;1,2229
16/04/2004;21.00.00;3,4;1304;299;12,5;1067;224;737;117;1811;1167;13,5;79,4;1,2224
16/04/2004;22.00.00;2,7;1235;159;9,6;963;166;803;103;1680;1095;13,1;80,1;1,2016
16/04/2004;23.00.00;3,1;1281;171;10,0;977;171;794;99;1695;1105;12,8;81,0;1,1915
17/04/2004;00.00.00;2,6;1167;162;8,1;904;169;846;100;1627;1051;12,7;80,6;1,1819
17/04/2004;01.00.00;2,2;1134;111;7,1;863;120;869;88;1599;1009;12,5;81,8;1,1838
17/04/2004;02.00.00;1,9;1100;134;6,4;829;103;887;83;1565;972;12,7;81,2;1,1849
23/04/2004;05.00.00;0,6;852;46;2,9;646;59;1186;59;1321;793;14,2;52,2;0,8413
23/04/2004;06.00.00;0,8;923;56;4,9;757;72;1041;67;1418;906;14,3;55,4;0,9003
23/04/2004;07.00.00;4,0;1490;452;22,6;1368;244;627;95;2119;1541;14,0;58,0;0,9202
23/04/2004;08.00.00;5,6;1662;880;31,1;1576;351;523;123;2417;1861;15,4;53,3;0,9289
23/04/2004;09.00.00;5,0;1553;759;22,1;1354;358;621;142;2030;1895;19,1;42,1;0,9233
23/04/2004;10.00.00;3,2;1423;394;18,3;1247;245;706;142;1887;1684;23,7;31,0;0,8968
23/04/2004;11.00.00;3,8;1458;639;22,0;1350;240;677;169;1947;1731;26,9;25,7;0,8942
23/04/2004;12.00.00;3,3;1349;541;20,1;1299;179;728;142;1838;1402;29,7;20,6;0,8478
23/04/2004;13.00.00;3,0;1326;468;18,9;1265;160;757;136;1835;1246;29,2;21,5;0,8573
23/04/2004;14.00.00;3,2;1356;483;20,6;1312;174;729;147;1865;1342;29,6;20,1;0,8181
23/04/2004;15.00.00;4,4;1460;682;25,3;1438;260;680;196;1953;1489;30,0;19,4;0,81
23/04/2004;16.00.00;4,6;1497;698;25,8;1449;281;679;186;1985;1532;29,5;20,1;0,8136
23/04/2004;17.00.00;5,2;1645;832;30,6;1566;284;599;177;2228;1909;27,0;26,8;0,9403
23/04/2004;18.00.00;4,8;1557;872;27,1;1483;250;615;164;2087;1757;24,9;30,8;0,954
23/04/2004;19.00.00;5,6;1747;899;32,5;1608;281;557;161;2335;1983;23,1;36,7;1,0244
23/04/2004;20.00.00;4,6;1482;692;20,8;1319;230;660;146;1975;1703;21,5;40,8;1,0333
23/04/2004;21.00.00;1,8;1211;145;10,9;1010;98;816;98;1619;1246;20,5;41,5;0,9864
23/04/2004;22.00.00;2,2;1294;208;13,0;1083;121;770;108;1687;1321;19,2;44,9;0,9875
23/04/2004;23.00.00;2,0;1300;204;11,8;1043;110;777;107;1659;1375;18,8;47,7;1,0221
24/04/2004;00.00.00;2,8;1402;240;13,4;1098;161;736;113;1729;1456;18,2;49,7;1,0284
24/04/2004;01.00.00;2,6;1349;251;13,4;1097;148;707;100;1763;1442;16,1;57,4;1,0451
24/04/2004;02.00.00;1,8;1161;173;9,0;938;109;827;87;1597;1243;16,3;55,3;1,0178
24/04/2004;05.00.00;0,7;933;65;3,7;697;71;1045;65;1403;937;14,8;57,7;0,9644
24/04/2004;06.00.00;0,9;1021;119;5,7;800;75;931;64;1483;1019;14,0;59,7;0,9499
24/04/2004;07.00.00;1,5;1134;151;10,0;979;106;794;73;1639;1140;14,6;56,8;0,9385
24/04/2004;08.00.00;2,5;1311;305;15,0;1147;166;681;86;1838;1351;16,7;51,9;0,9788
24/04/2004;09.00.00;3,0;1409;415;15,6;1169;188;685;105;1874;1459;20,0;45,0;1,039
24/04/2004;10.00.00;2,6;1301;321;12,3;1059;161;787;107;1727;1297;23,9;33,7;0,9837
24/04/2004;11.00.00;2,6;1354;358;14,4;1130;139;765;114;1808;1291;26,8;29,5;1,0209
24/04/2004;12.00.00;2,6;1391;350;14,6;1136;134;738;105;1840;1296;27,2;32,4;1,1493
24/04/2004;13.00.00;1,9;1200;238;8,7;929;84;879;74;1623;972;26,9;32,1;1,1217
24/04/2004;14.00.00;2,0;1338;215;11,0;1016;98;798;95;1766;1194;24,3;41,8;1,2561
24/04/2004;15.00.00;1,7;1223;192;9,0;938;91;884;89;1610;880;25,6;36,0;1,1629
24/04/2004;16.00.00;1,9;1278;205;10,7;1003;99;845;95;1691;909;27,0;31,8;1,1176
24/04/2004;17.00.00;1,8;1257;165;9,9;973;90;860;93;1634;839;27,5;31,6;1,1417
24/04/2004;18.00.00;2,8;1497;283;15,7;1171;147;725;123;1899;1248;24,9;38,1;1,1838
24/04/2004;19.00.00;3,5;1567;467;19,4;1280;177;661;134;1970;1476;23,4;39,7;1,1276
24/04/2004;20.00.00;3,4;1503;485;16,8;1203;162;651;126;1863;1502;21,2;50,8;1,2631
24/04/2004;21.00.00;2,0;1169;202;6,8;850;88;906;79;1584;873;15,6;73,5;1,2953
24/04/2004;22.00.00;1,1;1007;64;3,0;650;53;1157;54;1404;528;12,9;79,7;1,1774
24/04/2004;23.00.00;1,3;1004;71;3,2;667;68;1157;69;1365;492;11,5;76,9;1,0436
25/04/2004;00.00.00;1,2;967;84;3,1;661;61;1181;67;1321;463;12,2;66,8;0,9455
25/04/2004;01.00.00;1,3;984;70;3,9;707;71;1131;73;1359;494;12,4;64,1;0,9209
25/04/2004;02.00.00;1,0;931;61;3,6;689;63;1161;73;1317;503;12,7;58,7;0,8605
25/04/2004;05.00.00;0,3;763;20;0,7;471;14;1783;20;1098;305;12,5;50,9;0,7346
25/04/2004;06.00.00;0,5;804;31;1,1;505;34;1718;37;1148;329;12,8;49,3;0,7285
25/04/2004;07.00.00;0,6;830;41;1,4;535;42;1496;50;1184;375;13,5;48,6;0,7487
25/04/2004;08.00.00;0,6;833;40;1,6;553;40;1476;45;1180;373;14,4;45,9;0,7476
25/04/2004;09.00.00;0,8;875;35;2,3;603;48;1370;48;1206;385;15,1;43,9;0,7487
25/04/2004;10.00.00;1,0;882;44;2,5;621;61;1346;56;1216;403;16,6;38,6;0,7236
25/04/2004;11.00.00;0,9;862;71;2,7;635;58;1320;58;1193;393;17,2;35,0;0,6789
25/04/2004;12.00.00;1,0;863;66;2,7;636;57;1290;52;1185;388;17,4;33,9;0,6683
25/04/2004;13.00.00;0,8;830;46;2,2;596;54;1389;52;1145;371;17,9;30,7;0,6234
25/04/2004;14.00.00;0,7;807;50;2,0;584;41;1488;44;1104;347;18,3;27,2;0,5675
25/04/2004;15.00.00;0,9;873;51;3,4;675;57;1343;59;1181;396;19,4;25,7;0,5738
25/04/2004;16.00.00;1,3;931;64;4,5;739;83;1274;74;1219;474;20,2;24,1;0,563
25/04/2004;17.00.00;1,4;918;138;4,7;748;81;1228;76;1219;505;19,6;24,9;0,5625
25/04/2004;18.00.00;1,5;1001;137;6,0;811;98;1122;83;1344;625;18,5;27,8;0,5843
25/04/2004;19.00.00;2,7;1169;303;11,7;1039;124;883;100;1550;941;17,8;30,3;0,6129
25/04/2004;20.00.00;2,5;1085;204;8,2;907;133;976;101;1419;893;16,6;34,0;0,6353
25/04/2004;21.00.00;1,4;940;95;5,1;769;100;1103;90;1310;731;15,5;37,0;0,6447
25/04/2004;22.00.00;2,8;1126;347;13,0;1083;116;875;93;1654;955;14,8;39,5;0,6595
25/04/2004;23.00.00;2,1;978;252;7,0;858;102;1013;79;1379;761;14,5;42,0;0,6896
26/04/2004;00.00.00;1,1;893;66;3,9;703;55;1192;57;1283;515;14,1;44,9;0,7206
26/04/2004;01.00.00;0,7;838;45;2,2;601;33;1361;43;1220;434;14,2;45,5;0,7333
26/04/2004;02.00.00;0,4;803;36;1,3;527;17;1513;25;1152;369;14,1;45,3;0,7247
26/04/2004;05.00.00;0,4;809;21;1,2;521;35;1575;44;1158;378;13,9;43,9;0,6923
26/04/2004;06.00.00;0,8;898;60;3,4;676;70;1271;72;1307;517;14,0;43,8;0,6959
26/04/2004;07.00.00;1,9;1053;155;7,5;880;116;982;91;1464;786;14,4;43,6;0,7113
26/04/2004;08.00.00;2,1;1033;235;8,9;934;134;917;89;1490;844;15,0;41,7;0,7093
26/04/2004;09.00.00;1,4;941;89;5,3;780;113;1080;84;1343;720;16,3;38,4;0,7052
26/04/2004;10.00.00;1,4;941;76;5,4;782;110;1102;83;1328;668;18,3;32,3;0,676
26/04/2004;11.00.00;1,3;917;101;5,2;772;98;1098;78;1311;605;18,8;31,7;0,6821
26/04/2004;12.00.00;1,5;977;109;6,6;837;96;1038;80;1413;646;19,6;30,9;0,6968
26/04/2004;13.00.00;1,6;994;143;6,9;851;95;1018;75;1436;640;20,2;30,7;0,7176
26/04/2004;14.00.00;1,3;942;104;5,4;785;86;1065;77;1365;571;19,7;32,5;0,7396
26/04/2004;15.00.00;1,4;981;107;6,0;810;86;1060;77;1395;605;20,7;31,6;0,7602
26/04/2004;16.00.00;1,5;984;133;6,4;832;91;1034;81;1410;636;20,0;32,7;0,7545
26/04/2004;17.00.00;2,2;1116;171;10,7;1003;119;864;101;1625;886;18,6;35,4;0,7535
26/04/2004;18.00.00;3,2;1181;405;13,9;1114;147;787;119;1685;1032;18,3;35,9;0,7501
26/04/2004;19.00.00;3,0;1163;334;12,5;1068;135;811;111;1616;977;17,8;37,5;0,7568
26/04/2004;20.00.00;2,6;1081;236;9,3;950;124;907;109;1496;924;17,3;38,8;0,7584
26/04/2004;21.00.00;1,6;1017;99;6,7;842;89;1000;101;1441;846;17,3;38,8;0,7596
26/04/2004;22.00.00;1,5;966;93;5,3;778;79;1057;89;1359;755;16,4;40,8;0,7542
26/04/2004;23.00.00;1,2;924;82;4,0;709;63;1158;75;1318;610;16,0;41,4;0,7487
27/04/2004;00.00.00;0,8;861;51;2,2;601;39;1351;51;1225;439;15,4;43,0;0,7482
27/04/2004;01.00.00;0,7;826;41;1,7;560;25;1424;39;1197;402;15,7;42,5;0,7539
27/04/2004;02.00.00;0,5;846;31;1,6;557;19;1385;32;1212;406;15,6;43,4;0,7651
27/04/2004;05.00.00;0,7;930;38;3,3;670;58;1143;68;1339;746;15,5;47,3;0,8282
27/04/2004;06.00.00;1,4;1120;111;8,9;935;112;843;76;1593;1126;14,4;53,1;0,8677
27/04/2004;07.00.00;4,1;1518;584;23,4;1389;314;589;122;2101;1703;15,9;48,5;0,8704
27/04/2004;08.00.00;4,6;1461;633;23,8;1398;240;630;129;2050;1628;18,1;40,3;0,8294
27/04/2004;09.00.00;1,9;1075;145;7,9;896;128;938;94;1487;936;19,6;35,9;0,81
27/04/2004;10.00.00;1,9;1061;155;8,2;908;141;968;99;1455;890;22,8;29,1;0,796
27/04/2004;11.00.00;1,7;1066;128;8,8;931;118;979;81;1474;757;24,8;25,3;0,7793
27/04/2004;12.00.00;2,4;1179;255;14,6;1137;132;829;87;1651;949;27,2;22,0;0,7785
27/04/2004;13.00.00;3,0;1251;411;18,0;1238;150;773;107;1779;1109;28,2;20,4;0,7677
27/04/2004;14.00.00;2,0;1120;173;12,0;1048;121;898;95;1560;870;25,4;24,2;0,7733
27/04/2004;15.00.00;2,7;1187;277;14,8;1142;149;840;110;1651;1011;25,7;23,8;0,7737
27/04/2004;16.00.00;2,2;1145;259;12,5;1066;120;903;99;1592;885;27,2;22,1;0,7811
27/04/2004;17.00.00;2,9;1215;274;15,5;1164;155;817;113;1689;1015;27,0;22,3;0,786
27/04/2004;18.00.00;3,4;1317;377;17,7;1231;172;766;127;1798;1155;24,5;27,8;0,8433
27/04/2004;19.00.00;3,9;1388;457;21,6;1341;177;702;131;1955;1315;23,7;30,2;0,8718
27/04/2004;20.00.00;3,6;1295;555;18,9;1266;181;716;137;1849;1359;21,5;34,5;0,8746
27/04/2004;21.00.00;2,5;1153;279;12,5;1066;135;811;122;1651;1194;19,9;37,8;0,8675
27/04/2004;22.00.00;1,8;1078;137;8,8;932;99;905;100;1511;951;18,9;40,6;0,8771
27/04/2004;23.00.00;2,0;1133;203;10,9;1012;111;806;108;1608;1054;17,9;43,5;0,884
28/04/2004;00.00.00;1,3;1055;101;8,0;899;72;880;83;1504;980;17,4;46,3;0,9112
28/04/2004;01.00.00;1,0;953;86;4,4;735;54;999;74;1396;898;18,1;44,7;0,9186
28/04/2004;02.00.00;0,6;892;51;2,8;639;41;1139;64;1359;803;16,5;50,1;0,9331
28/04/2004;05.00.00;0,5;856;33;2,5;619;29;1191;39;1345;677;16,3;52,8;0,9722
28/04/2004;06.00.00;1,1;1030;95;7,5;880;76;892;69;1539;996;13,9;60,7;0,9597
28/04/2004;07.00.00;5,5;1689;754;30,4;1560;321;529;104;2396;1736;15,0;58,3;0,9876
28/04/2004;08.00.00;4,2;1486;588;22,0;1351;274;571;100;2112;1692;16,1;54,8;0,996
28/04/2004;09.00.00;4,6;1592;658;24,7;1423;322;577;146;2155;2108;19,3;46,4;1,0248
28/04/2004;10.00.00;3,4;1469;372;18,4;1252;255;692;155;1903;1807;24,2;33,8;1,0097
28/04/2004;11.00.00;2,8;1364;386;16,8;1205;196;723;139;1850;1566;26,7;28,7;0,9895
28/04/2004;12.00.00;2,5;1285;333;14,2;1123;136;755;121;1741;1293;27,4;28,2;1,0098
28/04/2004;13.00.00;2,4;1311;293;15,7;1170;119;748;108;1787;1219;28,1;26,9;1,0094
28/04/2004;14.00.00;3,2;1416;511;21,9;1348;169;684;126;1969;1330;27,7;26,5;0,9693
28/04/2004;15.00.00;3,5;1387;559;20,8;1318;197;701;145;1890;1299;28,4;23,4;0,8935
28/04/2004;16.00.00;2,9;1329;375;16,2;1185;140;768;121;1750;1111;28,4;26,0;0,9922
28/04/2004;17.00.00;3,6;1496;509;19,8;1292;178;680;145;1878;1300;27,3;30,0;1,0752
28/04/2004;18.00.00;4,8;1676;790;28,9;1525;223;567;160;2226;1653;24,3;37,3;1,1199
28/04/2004;19.00.00;5,4;1724;816;28,3;1510;222;562;155;2252;1716;23,1;42,2;1,1746
28/04/2004;20.00.00;5,3;1642;804;24,9;1426;265;597;162;2117;1720;21,8;43,6;1,1226
28/04/2004;21.00.00;2,7;1267;332;13,1;1088;151;764;129;1740;1339;19,8;46,8;1,0702
28/04/2004;22.00.00;1,4;1146;156;8,6;923;79;845;96;1575;1166;19,6;49,8;1,1221
28/04/2004;23.00.00;1,6;1216;143;9,5;960;87;788;92;1662;1256;17,9;56,2;1,142
29/04/2004;00.00.00;1,5;1128;117;7,8;891;88;838;89;1574;1125;17,4;55,6;1,0963
29/04/2004;01.00.00;1,0;1042;84;5,2;772;51;923;61;1495;968;16,8;59,5;1,1269
29/04/2004;02.00.00;0,6;926;60;2,8;639;34;1115;54;1409;814;15,9;60,1;1,0806
29/04/2004;05.00.00;0,8;959;64;4,4;734;76;1038;57;1470;861;13,3;67,0;1,0203
29/04/2004;06.00.00;1,5;1097;148;9,4;956;139;827;68;1620;1047;12,9;66,5;0,9846
29/04/2004;07.00.00;4,9;1674;635;29,8;1547;293;539;95;2405;1665;14,8;61,3;1,0237
29/04/2004;08.00.00;7,2;1771;1129;36,2;1690;368;461;125;2572;1982;16,1;56,5;1,0274
29/04/2004;09.00.00;3,5;1408;475;18,0;1241;250;648;135;1886;1711;18,6;47,8;1,0143
29/04/2004;10.00.00;2,1;1156;220;10,9;1009;145;875;118;1583;1204;23,8;30,2;0,8771
29/04/2004;11.00.00;1,5;1042;105;9,0;941;110;971;91;1491;871;25,4;25,0;0,7966
29/04/2004;12.00.00;2,0;1167;190;14,4;1128;104;829;89;1716;1040;25,6;25,5;0,8234
29/04/2004;13.00.00;3,8;1398;516;22,3;1360;205;656;129;2037;1439;24,9;29,9;0,9325
29/04/2004;14.00.00;3,4;1458;346;20,9;1321;201;654;122;2023;1516;22,4;37,9;1,016
29/04/2004;15.00.00;4,4;1554;565;23,1;1379;266;614;138;2151;1693;21,7;44,0;1,1242
29/04/2004;16.00.00;3,9;1495;483;21,2;1331;246;615;136;2069;1635;21,4;44,4;1,1176
29/04/2004;17.00.00;4,9;1560;651;24,8;1424;247;579;143;2176;1688;20,8;45,3;1,1016
29/04/2004;18.00.00;5,4;1664;657;28,6;1519;271;553;145;2312;1820;20,2;48,6;1,1354
29/04/2004;19.00.00;6,5;1761;830;32,6;1610;332;502;146;2488;2006;20,2;50,8;1,1924
29/04/2004;20.00.00;4,3;1524;435;19,2;1275;245;608;122;2046;1740;18,6;57,6;1,2233
29/04/2004;21.00.00;2,9;1398;209;16,3;1189;180;646;112;1931;1577;18,2;58,8;1,2173
29/04/2004;22.00.00;2,7;1342;202;13,7;1106;156;694;102;1856;1443;17,8;61,0;1,2352
29/04/2004;23.00.00;2,8;1433;174;13,6;1104;172;681;97;1876;1411;17,0;70,7;1,3554
30/04/2004;00.00.00;2,3;1297;170;11,1;1019;137;733;85;1823;1217;16,2;76,9;1,4051
30/04/2004;01.00.00;1,7;1179;116;7,6;884;91;830;76;1696;1086;15,7;78,6;1,3943
30/04/2004;02.00.00;1,2;1097;91;5,9;809;80;897;74;1628;1050;15,7;78,4;1,3917
30/04/2004;05.00.00;0,8;1005;48;4,5;738;68;1005;66;1563;917;15,7;74,7;1,3194
30/04/2004;06.00.00;1,7;1206;111;9,3;949;162;818;90;1771;1116;15,9;73,1;1,3136
30/04/2004;07.00.00;3,0;1458;345;18,3;1249;213;662;111;2033;1380;16,6;68,2;1,2737
30/04/2004;08.00.00;3,4;1405;332;19,9;1295;161;638;103;2065;1378;18,7;57,6;1,2323
30/04/2004;09.00.00;3,3;1381;344;16,6;1199;209;685;117;1970;1365;17,6;65,0;1,2945
30/04/2004;10.00.00;2,7;1315;212;12,6;1072;191;736;116;1833;1273;16,3;73,2;1,3458
30/04/2004;11.00.00;2,6;1332;166;12,9;1082;215;707;109;1889;1242;16,0;78,5;1,4209
30/04/2004;12.00.00;3,2;1362;214;14,9;1145;212;673;116;1973;1294;17,3;72,4;1,4125
30/04/2004;13.00.00;3,4;1399;377;17,4;1222;202;643;115;2061;1413;19,4;60,9;1,3545
30/04/2004;14.00.00;2,6;1310;210;15,4;1160;153;695;94;1939;1224;21,4;50,9;1,2823
30/04/2004;15.00.00;3,4;1399;265;16,7;1201;185;699;121;1971;1318;22,7;45,8;1,2465
30/04/2004;16.00.00;4,0;1524;365;18,0;1239;210;644;114;2139;1404;20,9;60,8;1,4852
30/04/2004;17.00.00;4,5;1487;454;19,2;1274;215;641;110;2133;1471;21,0;54,3;1,3353
30/04/2004;18.00.00;4,2;1480;460;21,0;1324;215;622;122;2162;1623;20,8;54,4;1,3194
30/04/2004;19.00.00;5,7;1626;642;26,9;1476;281;555;135;2356;1786;19,8;58,6;1,3392
30/04/2004;20.00.00;4,4;1449;501;19,5;1282;254;625;133;2100;1569;19,1;61,1;1,3345
30/04/2004;21.00.00;3,1;1363;234;15,1;1152;189;684;110;1951;1495;18,2;65,4;1,3529
30/04/2004;22.00.00;3,0;1371;212;14,6;1136;174;689;102;1927;1471;18,1;66,1;1,3579
30/04/2004;23.00.00;3,1;1406;275;13,7;1107;167;718;108;1872;1384;17,7;66,9;1,3422
01/05/2004;00.00.00;3,5;1425;275;15,2;1155;185;709;110;1936;1789;17,8;66,8;1,346
